,CITY_ID,SHEM_YISHU,SRt_05-04,N_05-04,SRt_05-03,N_05-03,SRt_05-02,N_05-02,SRt_05-01,N_05-01,SRt_04-30,N_04-30,SRt_04-29,N_04-29,SRt_04-28,N_04-28,SRt_04-27,N_04-27,SRt_04-26,N_04-26,SRt_04-25,N_04-25,SRt_04-24,N_04-24,SRt_04-23,N_04-23,SRt_04-22,N_04-22,SRt_04-21,N_04-21,SRt_04-20,N_04-20,SRt_04-19,N_04-19,SRt_04-18,N_04-18,SRt_04-17,N_04-17,SRt_04-16,N_04-16,SRt_04-15,N_04-15,SRt_04-14,N_04-14,SRt_04-13,N_04-13,SRt_04-12,N_04-12,SRt_04-11,N_04-11,SRt_04-10,N_04-10,SRt_04-09,N_04-09,SRt_04-08,N_04-08,SRt_04-07,N_04-07,SRt_04-06,N_04-06,SRt_04-05,N_04-05,SRt_04-04,N_04-04,SRt_04-03,N_04-03,SRt_04-02,N_04-02,SRt_04-01,N_04-01,SRt_03-31,N_03-31,SRt_03-30,N_03-30,SRt_03-29,N_03-29,SRt_03-28,N_03-28,SRt_03-27,N_03-27,SRt_03-26,N_03-26,SRt_03-25,N_03-25,SRt_03-24,N_03-24,SRt_03-23,N_03-23,SRt_03-22,N_03-22,SRt_03-21,N_03-21
0,44.0,אשדוד,0.014345838873996012,250.0,0.012637506703845029,313.0,0.016113009055006018,523.0,0.01629863566231176,533.0,0.014862242946057803,548.0,0.016106413702071026,902.0,0.016018646881959017,1046.0,0.015351318156570863,1414.0,0.016373673850577062,1506.0,0.01820357699858028,1406.0,0.01774524450990967,1424.0,0.018151519966175738,1425.0,0.019843368502236256,1130.0,0.021055508691123683,1034.0,0.022150059682690324,718.0,0.021184014633167138,713.0,0.02161398342005531,824.0,0.022365507793602052,869.0,0.02391813694999126,1010.0,0.0245448599413413,983.0,0.027045719084973285,1109.0,0.02984685556634122,1468.0,0.029126375569640494,1849.0,0.030151695720571563,2094.0,0.030612735938496276,2282.0,0.0316158407785536,2176.0,0.033150784849560674,2515.0,0.0327493070225269,2374.0,0.031724744208629085,2068.0,0.035575352378300416,1666.0,0.03744450639519476,1408.0,0.04146987611517119,1269.0,0.04037200408251828,1259.0,0.04091551177085652,1016.0,0.042653198134427917,1012.0,0.04450215079484954,896.0,0.044046702826724515,764.0,0.04217281574749024,715.0,0.0390013236084617,655.0,0.040012813488410855,613.0,0.04082055310687735,491.0,0.04314823721198381,571.0,0.04672888233736931,645.0,0.04894353253857723,702.0,0.04996295649732148,631.0
1,148.0,גני תקווה,0.008101137823375022,239.0,0.010362188102932808,279.0,0.011856951925034605,391.0,0.011650794840178613,389.0,0.01118108331171931,392.0,0.012808601309864429,522.0,0.013441158986086395,651.0,0.011556036579964884,764.0,0.010926376851655229,796.0,0.010786397371205205,663.0,0.010343276203905592,680.0,0.01131762714832861,689.0,0.01193381519615345,578.0,0.014363192141645418,532.0,0.015383213251344506,429.0,0.015545953400336075,417.0,0.014717252926623372,442.0,0.016368873672989868,467.0,0.01730067223066579,504.0,0.019951310728347108,489.0,0.01864173556366088,509.0,0.01995349594713841,559.0,0.022977430194074226,650.0,0.024797960241029104,700.0,0.026371397005448997,710.0,0.026721839131744363,688.0,0.028298250248143888,778.0,0.030668506676022,761.0,0.03181882248740928,724.0,0.033141855991678015,641.0,0.03222109037624045,599.0,0.03232123868092016,580.0,0.032731181417630734,576.0,0.033685177337214336,506.0,0.03225071209680218,469.0,0.03304496427430862,401.0,0.034652428980034566,330.0,0.04596347062297554,292.0,0.048228073115988576,268.0,0.053255276285928535,229.0,,,,,0.053394717031477454,228.0,0.05218966548714779,265.0,0.04814308409198933,222.0
2,695.0,מבשרת ציון,0.004262585120076842,292.0,0.0046126216255349605,338.0,0.00578200707342267,397.0,0.00559258221354586,410.0,0.00526445821578728,415.0,0.007046383123375464,486.0,0.0070390037251292815,557.0,0.008795950583951101,627.0,0.00838171730159597,638.0,0.0077671487675107015,570.0,0.008557724398684756,583.0,0.00811385087570254,615.0,0.006358492150538134,567.0,0.005434201557982152,579.0,0.003958564308441141,552.0,0.0038902300856592117,579.0,0.005488404103723046,617.0,0.0059070387440030075,663.0,0.008232651426275847,668.0,0.008961770876830569,676.0,0.011550771171163907,675.0,0.013267558340110204,713.0,0.0157898079940228,769.0,0.016336778849243925,806.0,0.01907855179034157,782.0,0.018508776146588576,758.0,0.020272173286217682,793.0,0.021924151264039272,786.0,0.024158781702038584,743.0,0.026185595714859792,683.0,0.02736400964968821,651.0,0.02591033367997976,657.0,0.026490223597950332,661.0,0.02675180364763427,652.0,0.02592267040201832,622.0,0.02531409144750674,546.0,0.024584100746703048,465.0,0.030251068718206767,408.0,0.03528921978749544,387.0,0.04011381958247058,334.0,0.047455738346084735,272.0,0.04886904307772898,265.0,0.047919414500787336,323.0,0.04968562632038544,344.0,0.051659754767053256,312.0
3,816.0,מודיעין-מכבים-רעות*,0.006517754746680903,701.0,0.006643820399588664,858.0,0.01093498328615227,1295.0,0.01097811783921996,1326.0,0.01069053325146,1326.0,0.011503514776885495,1848.0,0.012197703143409296,2261.0,0.013084901949590288,2787.0,0.013288949581006964,2959.0,0.013225749612269149,2473.0,0.013493997971388729,2529.0,0.013367781427016105,2591.0,0.013001736158304036,2242.0,0.01187564559540875,2005.0,0.010409147428998188,1633.0,0.009300402648435327,1657.0,0.010442516825337016,1838.0,0.011469931177195756,1935.0,0.012710202391241848,2119.0,0.013079727697746086,2041.0,0.016050597195960817,2126.0,0.018755292186878644,2354.0,0.02043127450163319,2711.0,0.021661790403277804,2857.0,0.022633688858975192,2893.0,0.02301216810800496,2726.0,0.025507041287709958,3031.0,0.025311722212011625,2965.0,0.025388305696401037,2800.0,0.02594231296714511,2421.0,0.02576264772145949,2261.0,0.02625747436894917,2219.0,0.0292323143087144,2246.0,0.031245002483142444,2099.0,0.03326372863542375,2041.0,0.034518323427306305,1769.0,0.036932443677758005,1508.0,0.04338716520839105,1377.0,0.04494994726830887,1323.0,0.043017069234046836,1239.0,0.04297580305989973,1062.0,0.04521756359726195,1116.0,0.04731514423214015,1268.0,0.04748003722247398,1430.0,0.04760622614310092,1309.0
4,836.0,כוכב יאיר,0.016939376383969116,218.0,0.01718777374290664,252.0,0.01910125748230012,331.0,0.019872707234735592,343.0,0.01878146994857509,345.0,0.017264428234765726,428.0,0.01705313071830318,462.0,0.018427136545916843,545.0,0.018376783700437143,582.0,0.01935887829956753,503.0,0.018877783379727075,496.0,0.018869679022927303,500.0,0.017420143866497897,438.0,0.017938692781046196,424.0,0.0173809758279089,379.0,0.016642763538726138,373.0,0.016230156851857986,391.0,0.01648605877683009,441.0,0.01801962794007601,469.0,0.01854636513233285,482.0,0.018710442992853876,494.0,0.018526997671785627,512.0,0.01971328854454198,540.0,0.02126074118975504,559.0,0.022970432386455405,539.0,0.022604692115754173,505.0,0.026562178110807137,522.0,0.0268538251809569,511.0,0.027941816223113054,489.0,0.027670068892715543,467.0,0.02810746222342956,438.0,0.027421636951273358,423.0,0.02771333645727895,430.0,0.03121270721286822,438.0,0.034014972255695164,414.0,0.03527878979382832,366.0,0.03743187945209957,300.0,0.03659254491911298,282.0,0.04240480713571426,264.0,0.047231220655015616,241.0,,,,,0.04111948929278198,220.0,0.047410400437592766,251.0,0.052005587265351136,221.0
5,1003.0,קריית טבעון,0.0071881722937145185,354.0,0.006461146459175406,425.0,0.009449904629789523,515.0,0.008714096891407513,539.0,0.008286794760317634,539.0,0.011400114358783277,662.0,0.015381413377603062,753.0,0.016582926311817674,857.0,0.01695907135114016,899.0,0.01618430395839569,789.0,0.016574730159133983,822.0,0.017469826332947337,845.0,0.016452846992021347,751.0,0.012184872035273542,705.0,0.010582057015278859,665.0,0.010621632393544609,669.0,0.011775495620474065,712.0,0.013648735654163966,713.0,0.015414263209596891,767.0,0.012450958050781507,807.0,0.013161696963683802,811.0,0.015655959547216478,862.0,0.016677653869369268,925.0,0.016754946359235873,961.0,0.017122985545766148,978.0,0.015278624183629238,908.0,0.01811749492059116,917.0,0.01931933660986729,914.0,0.02004893919956149,912.0,0.019369211473702144,839.0,0.02179164852541832,800.0,0.02289010607232336,787.0,0.02413721545395801,773.0,0.026263511706913857,744.0,0.030516827288333437,719.0,0.03163289009196603,576.0,0.036234820852558726,477.0,0.03724766453798997,445.0,0.03955381258485217,386.0,0.0460863925922922,363.0,0.04952788454731536,338.0,0.047112144162083563,324.0,0.04974142947500578,373.0,0.05256469485896737,408.0,0.05717013136959095,349.0
6,1011.0,קריית אונו,0.006871497415049708,373.0,0.006473411553042902,444.0,0.009174501710718371,694.0,0.009004663003399268,709.0,0.009159404494827569,728.0,0.00949159833326799,963.0,0.010114284144705546,1141.0,0.011881060426494993,1402.0,0.013080927802063172,1468.0,0.013058388219664216,1241.0,0.012965410877318208,1247.0,0.012994699850361944,1287.0,0.014069639232704838,1115.0,0.012365231926845532,985.0,0.01078046157486126,809.0,0.011498154510038964,833.0,0.012931347208882518,921.0,0.014856387203666045,960.0,0.014469438181362931,1006.0,0.014611413001957053,987.0,0.016477741195975056,1001.0,0.01942671293549042,1090.0,0.021222953547673173,1232.0,0.02178016388160925,1303.0,0.020722371361421247,1359.0,0.023776653618925885,1289.0,0.02493562486943371,1398.0,0.02770754227022789,1370.0,0.028362883941221356,1301.0,0.030613234654465277,1140.0,0.032660784978500404,1066.0,0.03665251636564359,1055.0,0.03829096216302659,1072.0,0.04264188292409675,1013.0,0.0410507012355788,992.0,0.041447191372872776,874.0,0.04151985297240846,752.0,0.041405607105091384,668.0,0.04353126337775157,600.0,0.043123273938312716,539.0,0.03865420139017422,427.0,0.04288403684628051,449.0,0.04358563928894597,538.0,0.04228743932468248,621.0,0.044036160948879306,571.0
7,1013.0,ראש העין,0.015010210097586752,290.0,0.015775215922200558,356.0,0.015691053292657933,582.0,0.015808847453851426,604.0,0.015295928741262324,624.0,0.01581094123306231,900.0,0.016651527930446098,1063.0,0.015710441025443438,1312.0,0.015677490734240244,1368.0,0.016682052881142488,1152.0,0.01667659252286676,1194.0,0.01689744587889864,1207.0,0.017456423897216418,1008.0,0.01621886814072221,887.0,0.016460284703648586,675.0,0.01570743201761891,693.0,0.017924160036385937,757.0,0.01696654874045814,786.0,0.018155848747310323,872.0,0.022145481936976723,1007.0,0.024329834482356774,1099.0,0.025604118181276853,1241.0,0.027120086148148214,1470.0,0.027894016255107616,1587.0,0.028792991621975343,1643.0,0.02941556317423628,1575.0,0.030462723521770263,1643.0,0.03115147362382622,1575.0,0.03359176553230374,1455.0,0.03243112869029338,1217.0,0.033576940498817834,1136.0,0.034596633547317984,1111.0,0.037454953968607096,1111.0,0.03766972399182459,929.0,0.03748854803205071,896.0,0.03625959901765554,792.0,0.039279717110544635,675.0,0.03810852688727718,591.0,0.03837099374740045,541.0,0.0340362453265716,479.0,0.04014783438265722,410.0,0.04655285007273778,415.0,0.05100570460323135,463.0,0.05495530510927562,524.0,0.0561217587150888,473.0
8,1014.0,רמת השרון,0.007796243965661044,649.0,0.00748069957207884,794.0,0.011411401354297808,1197.0,0.01138664543112385,1226.0,0.011591469476100305,1254.0,0.011621038426835172,1705.0,0.012673489470588531,2055.0,0.013418098598671402,2509.0,0.014503881147025844,2608.0,0.013483041918900405,2083.0,0.013107871142033085,2158.0,0.0127488891772231,2189.0,0.01233131863593415,1892.0,0.010992834374387809,1692.0,0.010282840884152182,1450.0,0.009763155431945605,1405.0,0.009725550123212068,1500.0,0.009656743693207194,1588.0,0.010140395514933584,1692.0,0.010338747759289002,1645.0,0.012158429530199496,1697.0,0.013010644321372531,1747.0,0.014712544147580175,1982.0,0.015442675490079069,2111.0,0.01732597985245142,2065.0,0.01839390209485729,1960.0,0.021228686961974098,2141.0,0.02174562263646324,2115.0,0.022937933925710214,2057.0,0.02596119197807505,1841.0,0.029557373120965087,1688.0,0.030745581613993125,1661.0,0.03078837772855607,1653.0,0.02896981034772993,1553.0,0.031187900214429014,1479.0,0.03183174590448193,1276.0,0.03267647921429048,1069.0,0.03227547050916179,1042.0,0.032805804850758,987.0,0.03419745849691856,910.0,0.0403654821987226,764.0,0.0371660852421758,815.0,0.035834439728492234,923.0,0.035656327773575164,1013.0,0.035659573119468164,852.0
9,1015.0,יבנה,0.03478430989295408,334.0,0.03430982191409312,399.0,0.027735777244231586,588.0,0.028482825746778982,599.0,0.02849012050874095,611.0,0.024544862838216303,789.0,0.023125514676271944,922.0,0.019708978413954227,1109.0,0.020001961589416663,1143.0,0.020915432783427102,970.0,0.02094094296855485,988.0,0.01936630960337869,997.0,0.01864514891589511,848.0,0.017933399720799024,785.0,0.021643287468403945,629.0,0.020907645230424824,642.0,0.020011573957351446,714.0,0.018152615854519005,753.0,0.020601116730904808,810.0,0.024580097745795185,785.0,0.031077720458131813,836.0,0.03298622788794433,942.0,0.032197502028479964,1089.0,0.033993801225377734,1141.0,0.0376842592210402,1178.0,0.039226061070516786,1121.0,0.03945478451308925,1249.0,0.03705225822152863,1189.0,0.0387556742293589,1114.0,0.03905187047821907,976.0,0.0370941199298541,907.0,0.038823659410775715,884.0,0.04122093014848799,886.0,0.040479648112203545,781.0,0.039357333295813736,741.0,0.03876188920505026,626.0,0.04287952567624476,516.0,0.05133182936556476,461.0,0.044667454067920255,403.0,0.041473339616784406,359.0,0.052387102394924806,319.0,0.0529102697603345,346.0,0.05377439972232829,427.0,0.05573298481879537,468.0,0.054452024841413635,418.0
10,1020.0,ירושלים,0.016760152097712824,2767.0,0.017123772145657797,3239.0,0.017443316250880306,3914.0,0.016894430319139276,4011.0,0.016771590175925746,4065.0,0.01723366872608237,4920.0,0.017532107617843518,5462.0,0.017488228098910902,6318.0,0.017584457971683762,6628.0,0.016859130083458598,6006.0,0.017669618062311626,6230.0,0.017681932038172424,6396.0,0.017556225340874844,5934.0,0.01770723887407964,5648.0,0.01712201636093559,5383.0,0.01743812376842429,5526.0,0.017794510306167806,5954.0,0.0177426710907515,6192.0,0.01890908525249818,6702.0,0.01937267041549887,6474.0,0.0200005486645803,6714.0,0.02346308098524996,7013.0,0.02460986082306888,7807.0,0.02619223248749409,8212.0,0.02732501006295803,8344.0,0.02775160926461117,7883.0,0.02861380448134477,8642.0,0.02969454002106833,8757.0,0.029944591440885883,8507.0,0.0324458969641966,7902.0,0.03383137922338606,7646.0,0.035970675583286746,7442.0,0.03783825129061512,7558.0,0.04016363018064966,7376.0,0.04223585323940021,7159.0,0.04307799960516013,6119.0,0.04381296215218482,5102.0,0.04475461055378498,4603.0,0.04477282680111421,4252.0,0.04617568892099115,3727.0,0.046995167337555925,3002.0,0.05006301389841748,2864.0,0.04997993394340871,3456.0,0.050220520259415286,3845.0,0.053473682507437205,3527.0
11,1143.0,חיפה,0.008698364111428653,2199.0,0.009165485274789352,2546.0,0.010984985570342736,3575.0,0.011545495640789535,3662.0,0.011587778380752495,3744.0,0.013243872677481646,4964.0,0.014064085573804274,5718.0,0.014910395841968153,6887.0,0.015163498742835244,7181.0,0.0156411148174159,6355.0,0.015849490763217775,6485.0,0.016031550142482125,6573.0,0.015973109335697552,5540.0,0.01610912012582474,5020.0,0.015402495979952609,4180.0,0.01593601008782601,4184.0,0.017082227177188117,4494.0,0.017997778231272445,4606.0,0.018719768181954984,4944.0,0.019670227296612924,4831.0,0.021562132346663317,5091.0,0.02254867331310316,5691.0,0.023447990282997287,6502.0,0.02486664975824509,7054.0,0.02480154028211098,7361.0,0.025275301385593082,7103.0,0.026728656404782315,7980.0,0.026844047058554414,7882.0,0.027856256844605232,7520.0,0.02950499572866622,6749.0,0.03030956712092297,6288.0,0.031763446530411146,6155.0,0.032891336299378696,6121.0,0.033770269982329744,5588.0,0.034411768630617456,5324.0,0.034619226907183887,4591.0,0.03494798483364424,3906.0,0.035298823892853964,3512.0,0.038571192612754095,3175.0,0.03965783986981933,2848.0,0.043095918051924295,2355.0,0.045091355086185364,2409.0,0.045965658804532065,2844.0,0.04637715439457288,3063.0,0.047004965900350124,2689.0
12,1181.0,תל אביב -יפו,0.011095789521160951,5255.0,0.011216826663607276,6150.0,0.012521516054923914,8946.0,0.01285373895019386,9165.0,0.012713037539897156,9332.0,0.014419352993251953,12103.0,0.014788933130915526,14228.0,0.015457445598578354,16734.0,0.015218189639790587,17401.0,0.015312485554473704,14935.0,0.015170056714928885,15262.0,0.015363159295888497,15546.0,0.014696449113687787,13567.0,0.013935295574161809,12395.0,0.013209166093788192,10581.0,0.013199681826040994,10669.0,0.014010413027177529,11641.0,0.014039082810760741,12355.0,0.014409485378793932,13741.0,0.014816656985028685,14084.0,0.016341569703979018,14447.0,0.01784330655153911,15656.0,0.019681610454688747,17432.0,0.02064897736050693,18114.0,0.02167904332716997,18232.0,0.02253270178045667,17080.0,0.024964535047520667,18184.0,0.02549617707660164,18091.0,0.026187691717016646,17466.0,0.027702386212609433,16368.0,0.028390085087542063,15523.0,0.029576561056452576,15267.0,0.030231412457663944,15142.0,0.0314774230621116,13865.0,0.03241544184660642,13244.0,0.03310759931586963,11246.0,0.03389478970727966,8898.0,0.035908529776586234,7972.0,0.0393153239973943,7222.0,0.04119852565174297,6527.0,0.042302457708743434,5644.0,0.045764303569320035,5956.0,0.046895450653712534,7248.0,0.04792982075300704,8490.0,0.04909107096654345,8061.0
13,1184.0,בת ים,0.0322981815804294,342.0,0.03350495858527869,412.0,0.0272774160588137,657.0,0.026529839982082862,663.0,0.02622963236393113,679.0,0.023857560144431918,1038.0,0.02437622997009141,1296.0,0.02234597577472195,1683.0,0.02204289845387624,1802.0,0.025062365962585462,1673.0,0.02511877042668173,1705.0,0.02456664275501135,1728.0,0.025157273128801512,1392.0,0.02267031635617767,1156.0,0.02229652377659542,841.0,0.02434999868449449,809.0,0.026449209851688683,938.0,0.026959020631425957,963.0,0.029644485854277525,1088.0,0.02961420217532313,1051.0,0.0322013408042582,1208.0,0.033408585432418716,1412.0,0.03456887369564491,1818.0,0.03361638971133575,1985.0,0.033761089130321366,2125.0,0.03289556275022159,2024.0,0.03437021752576734,2477.0,0.03452442268770448,2347.0,0.034969308199073734,2169.0,0.036121738112375325,1761.0,0.03700242592570891,1539.0,0.03801884026377909,1435.0,0.03849615393868469,1397.0,0.04268745044181087,974.0,0.045372101945664135,902.0,0.044066123397691864,774.0,0.04660410078718509,604.0,0.04873898879223202,508.0,0.054148285517678515,461.0,0.05888254156465263,414.0,0.057933051261507086,318.0,0.060361256794584275,351.0,0.06105320120608002,384.0,0.0565775685844363,416.0,0.05841530337241761,385.0
14,1185.0,גבעתיים,0.0108281244212291,806.0,0.011910942669412491,944.0,0.0143017581314797,1296.0,0.013950627134055885,1318.0,0.014138512913465963,1346.0,0.014778043357466497,1727.0,0.015478573006989578,2064.0,0.016744918609858647,2490.0,0.01753476773922336,2599.0,0.017293871998215853,2240.0,0.017063490134771726,2285.0,0.017455056965223016,2315.0,0.016909697035237373,2012.0,0.016448789067750366,1819.0,0.015600290275060227,1532.0,0.015798011321733266,1555.0,0.01507264148938194,1669.0,0.013978916874658314,1752.0,0.014390453558670597,1897.0,0.01540492055378174,1866.0,0.01464339371239215,1934.0,0.015266282798278791,2099.0,0.017557004214701417,2367.0,0.01916106866566909,2508.0,0.02066625618866725,2551.0,0.021199211798335053,2425.0,0.02265344736880507,2601.0,0.023678039938890158,2537.0,0.02443340356475712,2405.0,0.02397268659651073,2117.0,0.02408978993369042,1951.0,0.027308655577826867,1907.0,0.02833739889486985,1891.0,0.02906389633741221,1730.0,0.03254768585573786,1639.0,0.03436896474925917,1416.0,0.03703031597759955,1165.0,0.038869768101673335,1044.0,0.036304418761357454,915.0,0.0374389643018163,817.0,0.03985366759947871,713.0,0.038579579836879783,740.0,0.04004755601577355,875.0,0.04127250274885212,1035.0,0.043399493689498164,971.0
15,1186.0,הרצלייה,0.008984911625612447,1169.0,0.009350514124572742,1387.0,0.01180591095004734,1999.0,0.011549958333221404,2039.0,0.012685672763768991,2095.0,0.0124602951397419,2698.0,0.013319353036585423,3176.0,0.012839867726733413,3753.0,0.0123537312287528,3932.0,0.012336175377140485,3381.0,0.01228966572729258,3459.0,0.011575929552906516,3517.0,0.011837519838737893,2988.0,0.011048003347142428,2757.0,0.011408319955484482,2352.0,0.012106724478071386,2353.0,0.012447837732300729,2553.0,0.012918873500539113,2687.0,0.013727840156551586,2872.0,0.013615803065252927,2887.0,0.014204171942126953,2922.0,0.01540495708012357,3161.0,0.015778257195760672,3515.0,0.017231174095248405,3712.0,0.01835928103794258,3719.0,0.018445766599663453,3547.0,0.019957594131146447,3803.0,0.02167050872564126,3783.0,0.022762264421645098,3662.0,0.025792294658552237,3297.0,0.02613371367874995,3046.0,0.026962048940484675,3062.0,0.028174637470865488,3023.0,0.029905799612604138,2847.0,0.02980066385806715,2819.0,0.03019322494387648,2395.0,0.029295775326281994,2028.0,0.03260700391986862,1802.0,0.03622247272350432,1601.0,0.03863608317522083,1440.0,0.04133484011726701,1159.0,0.04520995773690395,1041.0,0.043702866700444376,1212.0,0.0454136509437446,1358.0,0.0443166530521644,1255.0
16,1187.0,חדרה,0.01709474195118824,332.0,0.014380894473389106,393.0,0.0136115029807513,503.0,0.013054121908096466,547.0,0.011919228770604423,582.0,0.011874098665190843,765.0,0.01156914410848075,861.0,0.010189221704249836,995.0,0.011242913351992472,1086.0,0.011408411998168723,1140.0,0.011246809245414557,1300.0,0.012520507028108255,2045.0,0.01240069355385447,1883.0,0.013235641769045915,1816.0,0.013589552013082477,1737.0,0.013895089218375605,1834.0,0.016477769102954,2083.0,0.01809365256414683,2305.0,0.019174950772016863,2048.0,0.020072641862717518,2374.0,0.02129781913769274,2421.0,0.022417660369389428,2498.0,0.023251348089608596,2472.0,0.023048872246678655,2265.0,0.023357424668133668,2000.0,0.02576269366578656,1508.0,0.028763166498240417,1264.0,0.027540220712876963,1231.0,0.027086426180032614,1147.0,0.02950553459648645,1006.0,0.03003522036938335,927.0,0.03247499912537443,887.0,0.033684130915912665,900.0,0.03901612963743013,856.0,0.039027685615358944,809.0,0.0393416428223042,701.0,0.038129919932563525,619.0,0.03997807167595991,548.0,0.04457637169786242,473.0,0.04720454900205129,406.0,0.04126827295528802,320.0,0.04302465180131123,358.0,0.04283138144694999,425.0,0.0456668501452888,475.0,0.049430753018241264,431.0
17,1188.0,חולון,0.009442965084819779,1008.0,0.0092571722644266,1187.0,0.009942852246111114,1782.0,0.010711959853796893,1832.0,0.011305006507972623,1863.0,0.01269963797524596,2481.0,0.012807494883168246,2987.0,0.013860054965374027,3781.0,0.01457147813645051,4047.0,0.016606939301177816,3623.0,0.01642251511936683,3649.0,0.01645226634614286,3666.0,0.016226544974918166,3076.0,0.01686791569424502,2738.0,0.014487946879696678,2059.0,0.015622190576931759,1946.0,0.017177675331182744,2173.0,0.01715996498016914,2233.0,0.017233067612060258,2478.0,0.01761170898622171,2370.0,0.01958529798449724,2523.0,0.02257715098954801,2881.0,0.024702531699723976,3673.0,0.025828874425003086,4043.0,0.02712826509908708,4289.0,0.028448872165557568,4117.0,0.03092306029252298,4897.0,0.03163811081767857,4737.0,0.03232677197630473,4450.0,0.034187248157508475,3627.0,0.035229384573215713,3162.0,0.036623877465322086,3027.0,0.037110565038358606,2947.0,0.038716592250671866,2311.0,0.041046355142152866,2177.0,0.0413966492901055,1883.0,0.04285026430784181,1575.0,0.043305829776070885,1415.0,0.048255494105163936,1262.0,0.04895860473846358,1133.0,0.04806253977275449,882.0,0.05102032767145005,894.0,0.04971890042443933,1020.0,0.04938011486828808,1122.0,0.052318462127438084,1005.0
18,1191.0,כפר סבא,0.010939415775532469,1239.0,0.011938304381297955,1452.0,0.013514015600671177,1948.0,0.01354317569554156,1961.0,0.014284598041230575,1991.0,0.014064148193673388,2535.0,0.013078725778900038,2910.0,0.014168168573261404,3445.0,0.01378220508523793,3561.0,0.014441819011374634,3136.0,0.01396872130657489,3197.0,0.013581596125617636,3263.0,0.013528147723377465,2875.0,0.013577632166392292,2726.0,0.012126955560558044,2320.0,0.012520074601369606,2352.0,0.012919128079419664,2649.0,0.013274908995168856,2764.0,0.013619680654498222,2939.0,0.013967135632396785,2944.0,0.01434676276680998,3033.0,0.015782529049823715,3205.0,0.015858447905864645,3480.0,0.01762164107305204,3531.0,0.018423945205321042,3577.0,0.01979980926195005,3364.0,0.0218355677865026,3608.0,0.023790987386252262,3516.0,0.023781963146773454,3347.0,0.02600229354094561,3002.0,0.026531908476050255,2751.0,0.026981976030057333,2696.0,0.027748003679076347,2671.0,0.029211810928765826,2494.0,0.028993571706813225,2331.0,0.029896651401359612,2007.0,0.030434781958509637,1682.0,0.03133918615627266,1511.0,0.0375613920732828,1351.0,0.0381637552104209,1221.0,0.037835230719229854,994.0,0.0433983020387392,1013.0,0.044350872644576565,1221.0,0.04544069723228193,1363.0,0.04756507597446109,1232.0
19,1193.0,אשקלון,0.008351634440837882,261.0,0.008273240136370845,312.0,0.014487549139359847,527.0,0.014373923717509668,542.0,0.013900291697574488,559.0,0.016969832918373975,830.0,0.015896652821859366,988.0,0.01631055451517139,1266.0,0.016403221249719345,1327.0,0.017211652597580264,1190.0,0.01736270689650696,1207.0,0.01742651354417575,1214.0,0.017474551429437782,977.0,0.017991833382180012,849.0,0.01877449078428669,591.0,0.017904138409879373,606.0,0.01808394777701181,707.0,0.01815744627165857,749.0,0.020630719367595668,866.0,0.02431143655806484,872.0,0.03076932521669846,1019.0,0.03446268477400173,1259.0,0.036382390934139655,1530.0,0.03748859769843075,1678.0,0.03825374085673675,1830.0,0.03828241729026748,1755.0,0.03702110525990515,2060.0,0.03557239616586888,1983.0,0.03650658682485541,1835.0,0.03610095469886219,1729.0,0.03792843103467743,1584.0,0.03996642875230064,1527.0,0.04138914228554183,1491.0,0.04600787978614528,1237.0,0.047833152671961435,1152.0,0.04602143229252066,990.0,0.049332388080739496,691.0,0.0455874099054859,621.0,0.052976759274207086,518.0,0.053852092586713037,469.0,0.05290715338716286,362.0,0.06246652237470919,361.0,0.060627826025962374,406.0,0.0637291935846158,432.0,0.07107217750214315,362.0
20,1194.0,נס ציונה,0.008509151386900417,760.0,0.006447522738820218,873.0,0.006488929898148975,1063.0,0.006045693520817345,1090.0,0.006088180344485862,1119.0,0.00868155974706493,1318.0,0.010161587396787618,1468.0,0.012932906905147694,1728.0,0.01327611854384708,1779.0,0.012513023947288655,1658.0,0.014147376081924753,1684.0,0.014914722707338282,1714.0,0.01379619108157011,1548.0,0.013374330841714634,1459.0,0.011423800325942157,1293.0,0.011262599295645137,1306.0,0.011620768374102674,1381.0,0.011793748845161215,1416.0,0.012409231439623088,1501.0,0.01233360396835398,1512.0,0.01434048603534239,1555.0,0.017804641892084163,1713.0,0.019736671747790962,1944.0,0.021409764074457074,2063.0,0.021400531551540692,2152.0,0.02173254627971078,2053.0,0.022629625639084636,2138.0,0.022440571768125986,2100.0,0.021770284475194617,1977.0,0.02179475905046543,1735.0,0.021445520349016537,1594.0,0.021886892865314617,1543.0,0.021718799298163016,1530.0,0.02344042434647686,1402.0,0.024137925906722302,1304.0,0.024306667417703046,1097.0,0.0248996292170084,929.0,0.027399087555094192,870.0,0.0313255772526092,741.0,0.034400660343809564,676.0,0.036691349951505546,629.0,0.03987427107269634,713.0,0.04166555046191106,863.0,0.04413710309295698,993.0,0.046189886866807764,926.0
21,1196.0,נתניה,0.008928822339599641,648.0,0.010289925029214565,784.0,0.014558398601391822,1243.0,0.014251000614613938,1262.0,0.014186063001975953,1287.0,0.015143120415273097,1777.0,0.016063605128308064,2081.0,0.016607330982681655,2628.0,0.016993355342206917,2765.0,0.017389071441209724,2427.0,0.018342784106370233,2456.0,0.018707797427325874,2484.0,0.018247040220390757,2081.0,0.01764243627551199,1855.0,0.01816120282462832,1422.0,0.017159124748245172,1366.0,0.018381110181218217,1502.0,0.01740774976364313,1562.0,0.01783228840344706,1748.0,0.018775659296352915,1672.0,0.021423242937940203,1840.0,0.023509008070068182,2127.0,0.025017368934714915,2616.0,0.02504907974702551,2850.0,0.02618064967314095,3037.0,0.026567941178694883,2879.0,0.02671329588518453,3306.0,0.026758898597087355,3215.0,0.026112961161325075,3010.0,0.02693597812172304,2516.0,0.029778777259079868,2317.0,0.03185712138275865,2224.0,0.03465678683899915,2201.0,0.039417841406489185,1908.0,0.039927590079929465,1778.0,0.04214207689924407,1537.0,0.04324525715614536,1324.0,0.042439458161017365,1229.0,0.04479804382018663,1203.0,0.04283407032862545,1105.0,0.04604834165650405,886.0,0.05167821415957096,919.0,0.048976832947584835,1012.0,0.04923202712086373,1091.0,0.051046549940056585,903.0
22,1200.0,פרדס חנה-כרכור,0.028368974079648376,269.0,0.025668400934701952,314.0,0.02168423401094056,397.0,0.02114603791909615,409.0,0.022010048915977024,420.0,0.0189553625252154,565.0,0.017793020000589882,652.0,0.01744303831270937,781.0,0.018457134312293504,814.0,0.01852627691676761,733.0,0.016048765113850443,757.0,0.014079120006168757,775.0,0.013166122665334654,677.0,0.012950584502586794,626.0,0.013121365321672209,540.0,0.011314866017575836,553.0,0.01095184404398638,613.0,0.012764986748399322,666.0,0.014794033458350231,697.0,0.015321065413645538,744.0,0.0184818912944645,826.0,0.02101947419120517,938.0,0.02344815550148624,1058.0,0.02618269924065221,1091.0,0.028779402436820676,1085.0,0.030242433633234513,1048.0,0.03449789788928368,1060.0,0.034140802859013386,995.0,0.03479624183100921,912.0,0.036933489861917176,793.0,0.035669467601844584,767.0,0.036093372863085615,742.0,0.0363514988146387,737.0,0.036196622339051035,682.0,0.03909526466646994,662.0,0.03996753216544846,562.0,0.03984850682008121,475.0,0.046306758205825735,405.0,0.048303230915947286,378.0,0.04729209139246179,336.0,0.044873407334293625,308.0,0.04425067894655102,298.0,0.0482232576551937,350.0,0.04882564224378173,401.0,0.04993275593251078,368.0
23,1201.0,פתח תקווה,0.01747830389513697,1124.0,0.017175390739214792,1345.0,0.015786994412230214,2112.0,0.017069910615454018,2131.0,0.017629152843979846,2182.0,0.01688274644569615,2939.0,0.017079200474236455,3487.0,0.016829864199507587,4311.0,0.01719226168742858,4564.0,0.018126470578875627,3860.0,0.017739926993830982,3942.0,0.01719359797651966,4019.0,0.017741125137032725,3458.0,0.017375384530919268,2992.0,0.019047752751247125,2365.0,0.018364138865071523,2356.0,0.018281905313281232,2758.0,0.018341152582485042,2891.0,0.02055660377257917,3174.0,0.020987625662263237,3063.0,0.022491077854887263,3272.0,0.02273696090040036,3682.0,0.023512307652567496,4280.0,0.02666001243872412,4423.0,0.02830411767628155,4548.0,0.028683538126562824,4259.0,0.030231071602315012,4863.0,0.031649047288571965,4729.0,0.03406880130310023,4401.0,0.03755663815909757,3879.0,0.037922496361485085,3623.0,0.03860332842008896,3516.0,0.04066657340927773,3526.0,0.04443838193655705,3085.0,0.04630665846781997,2991.0,0.046364181756858816,2630.0,0.04820918621270096,2138.0,0.04980642022952996,1840.0,0.050280961876719835,1660.0,0.04834460032075006,1457.0,0.045616142902170115,1210.0,0.04760872487422835,1213.0,0.04624483530218868,1390.0,0.0484161620065651,1527.0,0.048843933385727616,1361.0
24,1203.0,קריית מוצקין,0.01905265999467419,325.0,0.02266990928222579,374.0,0.020760399559769,543.0,0.01970350281467588,563.0,0.017886696168318318,564.0,0.018065033065253668,744.0,0.018544266784560774,863.0,0.01593286272425261,1053.0,0.014245286530728443,1120.0,0.013683984251791485,972.0,0.012923672405642895,987.0,0.012816984150635093,992.0,0.010658941854253541,832.0,0.009779009357228877,727.0,0.011855752354327823,568.0,0.015532199288177609,558.0,0.016414425535296814,613.0,0.016515715036167392,633.0,0.022010395902714586,709.0,0.022930647980440026,693.0,0.02383981913819868,748.0,0.023290738283973867,863.0,0.02216395340970248,1034.0,0.0248279776504691,1151.0,0.028519062150561308,1199.0,0.02711721408640257,1144.0,0.028324923679550355,1310.0,0.03071489831766616,1265.0,0.03180214269438817,1179.0,0.03416475704520617,1024.0,0.033315938395667204,927.0,0.03245733318143886,907.0,0.03178104990738527,888.0,0.032133795045709686,766.0,0.03268432328528583,745.0,0.03413737299537152,654.0,0.03405439117911038,545.0,0.0394939179958463,480.0,0.04433866648500531,441.0,0.04600973182766956,399.0,0.0488398331069929,335.0,0.05009721971448778,342.0,0.048067290975166266,376.0,0.04643118585103799,409.0,0.04218189788332348,355.0
25,1204.0,ראשון לציון,0.007942661388911256,1448.0,0.008584165124005639,1752.0,0.011813126233082859,2600.0,0.011890144807485565,2661.0,0.012077006937871356,2780.0,0.015351128883939328,4008.0,0.015999102379878182,4761.0,0.016936600313744492,5861.0,0.01827700309394049,6092.0,0.019226476483458727,5468.0,0.0196034112533584,5521.0,0.019975326134636186,5503.0,0.019451846460564786,4387.0,0.01843904069379201,3786.0,0.01877340514992029,2903.0,0.018849803640787127,2773.0,0.020296060000085842,3038.0,0.0200525679290941,3172.0,0.02026363079589886,3522.0,0.020269579703782657,3411.0,0.022021959536415,3671.0,0.022991270887575632,4222.0,0.02462942319433604,5206.0,0.025998494771168976,5737.0,0.026634093300041718,6038.0,0.02767140687474709,5738.0,0.028981789804924583,6644.0,0.029179803593167637,6447.0,0.030555808697371775,6059.0,0.030610615792896975,5106.0,0.03195321245672349,4673.0,0.03315014824532854,4549.0,0.034475230640718856,4508.0,0.0382612312487866,3831.0,0.038997905404494056,3662.0,0.03912662869947218,3169.0,0.040995812502669635,2675.0,0.04145924596213202,2307.0,0.04632939711571953,2017.0,0.046670775929560586,1806.0,0.05017457335400558,1359.0,0.059286276998246124,1466.0,0.05820755416083768,1683.0,0.05834725191866419,1878.0,0.059668182806168264,1679.0
26,1205.0,רחובות,0.009014455176698723,1715.0,0.010571367250070029,2010.0,0.011846401192720141,2396.0,0.012626692091330296,2444.0,0.013130473142327927,2478.0,0.013534408661813671,2849.0,0.014481777868975447,3112.0,0.014474477470633872,3472.0,0.013634784752992698,3533.0,0.013308229868675523,3208.0,0.0130429278220947,3313.0,0.013088438287186059,3418.0,0.01418932461449698,3192.0,0.014799118967908156,3194.0,0.015312595929232228,3006.0,0.016152052616989505,3066.0,0.016813826992999874,3233.0,0.01763463175868233,3338.0,0.01854745583958876,3466.0,0.01897375121943481,3471.0,0.019406491555190496,3530.0,0.019953297507941184,3795.0,0.02096655718167488,4174.0,0.0229418471937181,4312.0,0.023992332355243482,4471.0,0.024208553475091363,4318.0,0.026465219590863103,4501.0,0.02808207005006057,4466.0,0.02911101533133612,4237.0,0.030057776118144492,3912.0,0.03053428542277313,3819.0,0.031787945217969786,3667.0,0.033247044747971466,3693.0,0.033697371265489134,3671.0,0.034193584806916484,3543.0,0.03542661151447198,3092.0,0.037215240292255015,2641.0,0.038434331742569904,2408.0,0.039014306688873866,2231.0,0.038745073408449085,2054.0,0.041501354203503135,1859.0,0.043379491911958286,2014.0,0.04347002740259511,2446.0,0.042807595377886976,2975.0,0.04297374093867632,3000.0
27,1207.0,רמת גן,0.011141440604468606,1339.0,0.011944008200533528,1605.0,0.013466485802597426,2306.0,0.014067811397670856,2366.0,0.014130742385942,2367.0,0.0152186805847391,3319.0,0.015623954994432481,4021.0,0.01676389904651145,4990.0,0.017013344891580604,5204.0,0.01639433944470252,4441.0,0.01576854098973082,4509.0,0.01621349788178805,4620.0,0.015732498661123008,3832.0,0.015447933236862563,3408.0,0.013716860953213469,2680.0,0.01356662722627068,2623.0,0.015953597357047124,2903.0,0.017022484041080928,3025.0,0.017768397975406046,3309.0,0.018274748733714704,3279.0,0.02100771833307219,3476.0,0.02264300975117789,3887.0,0.023968855929160638,4543.0,0.024452221179769217,4786.0,0.02580810437297933,4983.0,0.02626010840410497,4754.0,0.02751842711917247,5365.0,0.027146219218259944,5264.0,0.02848035304777942,5035.0,0.03052767636215328,4555.0,0.03204597329126308,4606.0,0.03260588468302381,4464.0,0.034065549631377486,4436.0,0.03803977265548448,4005.0,0.039738305308355065,3846.0,0.04014024482004115,3343.0,0.04168330694022665,2756.0,0.04482773518637674,2196.0,0.04783217131959583,2037.0,0.04818872282333564,1835.0,0.047022166746112974,1520.0,0.04895019829403301,1617.0,0.04829999074197597,1875.0,0.046956356500039764,2163.0,0.046673115207182606,1962.0
28,1208.0,רעננה,0.011060427300955418,969.0,0.010595430242904793,1150.0,0.011622422336866356,1666.0,0.011565348618626237,1682.0,0.011350727938466755,1730.0,0.012670308613760612,2284.0,0.01309175490027185,2617.0,0.013298977722519688,3134.0,0.013344331521130038,3308.0,0.01382599461435267,2799.0,0.014055415741562272,2853.0,0.014236836340809281,2890.0,0.014343423489336026,2472.0,0.013664810206339785,2229.0,0.014223802947595955,1854.0,0.013028961202508148,1875.0,0.014054175834630577,1999.0,0.013784445347953629,2090.0,0.013192271977224907,2245.0,0.012967502703388542,2208.0,0.013495176959082872,2266.0,0.013587846492039124,2458.0,0.015192914101850957,2738.0,0.016778162886878445,2900.0,0.0182716618478662,2914.0,0.020049647692487,2759.0,0.021783875506087583,3075.0,0.02286680522566259,3056.0,0.025747958548359186,2901.0,0.02631476933698829,2590.0,0.027790470189953013,2381.0,0.028223651475139857,2340.0,0.027932329251845786,2286.0,0.02750497777177572,2011.0,0.028820867053426825,1878.0,0.02887296001427136,1609.0,0.032379793073070866,1336.0,0.03309935263676707,1191.0,0.03441286732007807,1085.0,0.03585790121015996,976.0,0.0390667084849976,794.0,0.03908140129973025,795.0,0.03733486540494628,936.0,0.0368447401591142,1021.0,0.03821358472764101,918.0
29,1211.0,באר שבע,0.02109571191400025,444.0,0.020439759642882797,510.0,0.020238647308172725,890.0,0.0201717257418556,915.0,0.020238226534406583,933.0,0.01972691694149466,1465.0,0.020318298017768518,1656.0,0.022162553873121958,2069.0,0.022812025176949347,2168.0,0.023789473744607003,1910.0,0.023605777912766523,1942.0,0.02356088195808467,1963.0,0.02579935112794468,1530.0,0.028113445079633988,1384.0,0.02571274394665537,999.0,0.025647727853275185,997.0,0.02590501881291572,1138.0,0.02754884985425869,1177.0,0.03026221750585437,1296.0,0.031479412637782686,1262.0,0.03403039220891392,1493.0,0.03350788680114948,1876.0,0.03353576068999393,2331.0,0.03485013337607811,2571.0,0.03373084147002618,2841.0,0.03253497438353423,2781.0,0.032461528503536015,3261.0,0.031455041739838034,3094.0,0.032578120097917974,2778.0,0.03387190161707405,2320.0,0.03530691249624608,2095.0,0.039736775242730615,1929.0,0.042082024509643455,1880.0,0.05046933828351699,1551.0,0.05401752158493101,1491.0,0.0547686384886159,1321.0,0.05678523353851499,1140.0,0.058496308894126124,1084.0,0.0597991593935923,1004.0,0.0604131886821106,970.0,0.05613701649362541,796.0,0.054797449750576106,899.0,0.05560581999990074,1029.0,0.05925285212050033,1144.0,0.05574319810643475,1025.0
30,1212.0,נהרייה,0.017990642274618298,227.0,0.01866071784478233,281.0,0.009198884338931741,396.0,0.008761951980125042,406.0,0.008693468756781345,401.0,0.010265062370829187,560.0,0.010544645690265544,655.0,0.012364982050743736,821.0,0.01435823473864562,888.0,0.015578715233954168,800.0,0.015668178779319215,824.0,0.016361442478068755,855.0,0.014199334850058875,680.0,0.014772477899459903,614.0,0.012115903865120618,477.0,0.010259962941477277,469.0,0.012784743649315792,511.0,0.013105024842214165,517.0,0.012477609810607145,557.0,0.012586728514343934,561.0,0.014396102170850175,622.0,0.01714847561369186,727.0,0.01909270527195016,855.0,0.022506406135130164,981.0,0.025487353653148647,1055.0,0.027406803104418755,1018.0,0.027617246389146168,1142.0,0.02920449722458598,1082.0,0.031320125932933644,1000.0,0.03177935803486594,880.0,0.02923404065690715,775.0,0.02964577680489029,708.0,0.028131475485090613,695.0,0.03051299495658709,599.0,0.03150559246428448,562.0,0.030143782535347382,493.0,0.03238038724121151,395.0,0.03582602776052499,337.0,0.041632366048728935,323.0,0.04665477085177044,288.0,0.05039589149169441,226.0,0.05312808106046396,249.0,0.05469157726689236,295.0,0.05454907112583298,328.0,0.055189256364541694,289.0
31,1214.0,זכרון יעקב,0.00793419927096925,256.0,0.007593908380868254,299.0,0.009298886511161144,443.0,0.00935630702393026,443.0,0.00816166722210869,461.0,0.008596439292693863,623.0,0.00931319046689214,745.0,0.0123968441780334,873.0,0.012632696248988908,901.0,0.011957942523926292,772.0,0.011151374561947069,792.0,0.011082450893207273,819.0,0.010949832748429771,742.0,0.009921742674196321,678.0,0.008139811949087836,608.0,0.008272453788798956,616.0,0.00860346909940047,654.0,0.01127394638336545,672.0,0.01491910850793886,703.0,0.014606810354453478,667.0,0.017146296716207654,694.0,0.0171322804049593,751.0,0.018184317543759067,831.0,0.01928411324497559,882.0,0.019458918379859132,887.0,0.01820663183858275,862.0,0.020655888032091733,939.0,0.020076574981388692,933.0,0.02435879095793913,900.0,0.025620600402387558,809.0,0.02632082946083744,779.0,0.026135937330399955,784.0,0.027855155687838744,751.0,0.03005459085996603,694.0,0.03169432747971407,652.0,0.028663368012056423,535.0,0.029251647074299336,451.0,0.033241093294789976,382.0,0.03579822820260451,336.0,0.03759000350287129,314.0,0.04434414124821645,277.0,0.04429839727783391,282.0,0.04305241649782311,348.0,0.04342610938289003,404.0,0.047526791351329686,376.0
32,1215.0,יהוד,0.008897955091786695,213.0,0.007866642462363516,253.0,0.00937103979059042,407.0,0.008556658310371517,405.0,0.008255904158649088,421.0,0.009879496921811478,537.0,0.009833457840072895,647.0,0.008903144473347183,782.0,0.008904313590414572,828.0,0.009140443619531716,713.0,0.00906346188608667,735.0,0.00902992372521516,741.0,0.007561012911019091,643.0,0.00797618853662316,581.0,0.00866500143632922,493.0,0.009023901691677123,491.0,0.008695532304505664,527.0,0.009041749852451106,561.0,0.01163915949971773,631.0,0.01424337178208908,648.0,0.015777613847081214,691.0,0.018038899732470973,755.0,0.01873369542636661,891.0,0.019054458496975304,942.0,0.020558670764472632,967.0,0.02134797927761244,904.0,0.02249999348343076,944.0,0.02495258051750851,914.0,0.025838035680584955,869.0,0.029390082450438542,751.0,0.03200871780463686,744.0,0.032916122229314546,755.0,0.03275164553957883,759.0,0.03466329044661726,704.0,0.0352588426440525,700.0,0.035582567557028856,608.0,0.03689340823976594,510.0,0.03693137218137109,423.0,0.044466004085196055,359.0,0.05150059647987392,332.0,0.05732058662383908,282.0,0.060477970669619324,264.0,0.06363943383477022,311.0,0.059173139905820814,348.0,0.06164767413298835,319.0
33,1216.0,קריית ביאליק,0.009514732482212787,234.0,0.012339716726379063,265.0,0.015992101566828752,375.0,0.015391735000045426,386.0,0.015069993708066741,388.0,0.0158216632978408,542.0,0.01616256412983729,653.0,0.014833045898695569,782.0,0.01582219661689575,844.0,0.015156477060322091,714.0,0.015825264565960208,724.0,0.016400109191629132,721.0,0.01533086168466108,596.0,0.01449500244703786,511.0,0.01464729491953307,416.0,0.01216776375155163,401.0,0.014904010239495726,446.0,0.014271496761435725,458.0,0.018018096503727068,518.0,0.02002117974057977,516.0,0.024097944762412067,554.0,0.028168614340164686,640.0,0.02931230598252616,744.0,0.029960103940335082,813.0,0.031795204738761955,882.0,0.030596072451071824,821.0,0.03209546367171465,921.0,0.03280928879371072,874.0,0.029901263619630292,796.0,0.02979837082895184,684.0,0.02950573052780682,618.0,0.02963008789368111,571.0,0.030750546930528925,575.0,0.030584820858711517,490.0,0.031074945071842868,477.0,0.033977269096904884,418.0,0.036480817655551896,355.0,0.03858579298779754,321.0,0.0389814043154112,287.0,0.038739208115440515,263.0,0.03544043437621222,227.0,0.03733956729608864,234.0,0.04033568306068055,273.0,0.03944992244006895,286.0,0.041233563943610455,245.0
34,1218.0,הוד השרון,0.009157386739698336,701.0,0.009346419735842436,828.0,0.012799079391674463,1171.0,0.014740155427901875,1180.0,0.014478592637772528,1185.0,0.013180376492635572,1568.0,0.014039965969504116,1836.0,0.01374470339197971,2274.0,0.014262997306125768,2375.0,0.012067486543619131,1989.0,0.010683654214441814,2035.0,0.0106027513684833,2081.0,0.011154670255236816,1785.0,0.010821198898614695,1638.0,0.010639673438422498,1331.0,0.010368513486518415,1352.0,0.012018809391332843,1491.0,0.014655013943940948,1570.0,0.016272964625118853,1751.0,0.016862046814969476,1715.0,0.019219319340215254,1788.0,0.021838028307956232,1930.0,0.02457521242253593,2201.0,0.02554532190651014,2262.0,0.027042480819723668,2298.0,0.02747119948537429,2116.0,0.02821530992072677,2346.0,0.027581915497843848,2316.0,0.026699072942792997,2211.0,0.025972167559636685,1945.0,0.02794719066282301,1857.0,0.027883272932592452,1836.0,0.02953281917547282,1845.0,0.0307146131559035,1715.0,0.03311657592456658,1599.0,0.03478582140191802,1382.0,0.03615547061273525,1173.0,0.034126814472849376,1059.0,0.03773160635014427,992.0,0.03752854340770795,911.0,0.041581431503483764,784.0,0.04598122137624392,839.0,0.04759140338225524,978.0,0.049121410990541216,1097.0,0.05224293373952524,981.0
35,93.0,תל מונד,,,0.006608572253775603,236.0,0.009261304236824702,293.0,0.009007471428418484,298.0,0.009116965675404213,307.0,0.0108266621658954,411.0,0.010029795272792968,443.0,0.010343525105029285,547.0,0.01035817560564201,568.0,0.008325273110742699,511.0,0.008207236709982527,521.0,0.00800486434903743,532.0,0.006500071676517902,451.0,0.006622890587245579,425.0,0.00538670277316618,360.0,0.0050809379343168285,366.0,0.00594677737014815,387.0,0.006048554066969565,405.0,0.007164611539754066,440.0,0.006943671581108841,433.0,0.008824695130739293,443.0,0.010234992826654028,479.0,0.015615304019451687,540.0,0.018759748884224797,561.0,0.01981719530999889,565.0,0.020580730440385418,534.0,0.02381222755624973,575.0,0.023099147585463137,577.0,0.025618462180149584,552.0,0.023195145186069518,493.0,0.0203385814704605,474.0,0.020156817144121444,459.0,0.021414878964729937,450.0,0.021046585660046704,418.0,0.02430854706684622,385.0,0.02248207129807365,329.0,0.024015437293327262,267.0,0.0263148334877158,236.0,0.03354532179233653,232.0,0.03380763419556153,207.0,,,,,,,0.04557278451178359,205.0,,
36,764.0,כרמיאל,,,0.011599103069906986,232.0,0.017882449121948876,327.0,0.019024591167908503,326.0,0.01867125668822851,339.0,0.0186888634395668,513.0,0.019669266052892227,600.0,0.02237003558741524,741.0,0.02273910269542389,776.0,0.021865855437085798,681.0,0.02064040545510339,699.0,0.020715921851221945,709.0,0.01861511887318149,575.0,0.02045038779932748,523.0,0.018927353361468082,422.0,0.02078964902597823,414.0,0.020057487719542112,442.0,0.02346752607730865,456.0,0.023174229436384003,490.0,0.024545716720607687,469.0,0.02493377959617823,507.0,0.026052240198551582,599.0,0.026293648577540484,741.0,0.02912214993853713,820.0,0.02829358145648192,877.0,0.02845013957613385,843.0,0.02928213203634498,986.0,0.03052497242793873,961.0,0.031455420996863666,872.0,0.031753284637502384,733.0,0.03308342568272569,660.0,0.03339684790481383,625.0,0.03598775094194286,618.0,0.043396972034483984,515.0,0.04257754855045397,469.0,0.04280302012615262,412.0,0.044407737083298184,343.0,0.04639650363690391,301.0,0.052708829908292655,261.0,0.05181206134036439,231.0,,,0.053834554281860535,202.0,0.05572879861776747,224.0,0.05383126779984634,238.0,0.05340452890862917,210.0
37,902.0,שוהם,,,0.010651340736235344,229.0,0.010028970295591105,361.0,0.010027146264771459,372.0,0.009771664266020828,380.0,0.010580357218578076,497.0,0.010897832171989266,605.0,0.012639395787779518,735.0,0.012980348036506785,746.0,0.012881272870197923,634.0,0.01309063374857542,655.0,0.01282357566896772,666.0,0.011816057791208616,571.0,0.011673168255491344,514.0,0.009561084143490772,433.0,0.009645635619556005,457.0,0.012287147116128392,508.0,0.013911718659608706,529.0,0.013516852343937857,603.0,0.01378865980837341,580.0,0.01459031033497273,606.0,0.01524882093021366,685.0,0.01622962175821633,779.0,0.01810581904618616,798.0,0.017258760218005653,824.0,0.018658078225407226,767.0,0.019924525876031485,863.0,0.02148972855165396,863.0,0.02348518069195596,793.0,0.025091859827465715,704.0,0.027803995012295142,674.0,0.0295459289727218,676.0,0.030639599322761814,677.0,0.03442151447428598,624.0,0.035692218622594564,575.0,0.0363801956715291,504.0,0.039140435221357135,420.0,0.03466031247868129,382.0,0.0374881489778196,321.0,0.041123044381915566,299.0,0.045530136308599874,270.0,0.0464083382559011,289.0,0.045278937163804524,328.0,0.05268177193833447,359.0,0.0561067419723155,341.0
38,104.0,גן יבנה,,,,,0.011753021644839693,255.0,0.010967974816458134,253.0,0.011006795324782548,255.0,0.013849630424874202,318.0,0.012525081286545331,357.0,0.0128694319617644,454.0,0.014256118259816332,467.0,0.013254508706586579,401.0,0.013024251404096023,412.0,0.013130840400273866,424.0,0.010239271335126466,368.0,0.010429316492805669,340.0,0.009446051099382987,272.0,0.007238332758993258,285.0,0.006804166456067225,308.0,0.008170280840941185,310.0,0.010829294648320695,342.0,0.012604159108248828,336.0,0.01305635524151525,366.0,0.015530819906300503,427.0,0.021117335971193286,505.0,0.023065825981009563,532.0,0.023286977816620702,560.0,0.021716624906395268,538.0,0.02414196654106441,611.0,0.027353507008963874,600.0,0.030577568979141437,543.0,0.029214019583716368,466.0,0.028588712130824662,444.0,0.031992932493143486,439.0,0.0353672715292319,423.0,0.03359175534305018,357.0,0.03590059498781288,327.0,0.03357474715591432,289.0,0.033009376033190936,227.0,,,,,,,,,,,,,,,,
39,127.0,קדימה-צורן,,,,,0.01814732935345086,274.0,0.018284555745554376,287.0,0.017132000614325942,299.0,0.01543468617309771,401.0,0.015011577102209385,461.0,0.013589969125314485,579.0,0.012957685176573705,611.0,0.012467687153834959,507.0,0.011793677700229384,517.0,0.011862386559982436,526.0,0.009406997610772176,454.0,0.008343944211721094,434.0,0.006606434964283285,357.0,0.006126686402008245,367.0,0.007862591182921545,409.0,0.010592630986027763,433.0,0.012182234516599848,474.0,0.013834875125175993,474.0,0.014170520826882759,505.0,0.013926842170590968,562.0,0.016229660682755834,633.0,0.01847393759515106,674.0,0.02121170158954103,696.0,0.021681083567135544,656.0,0.0240504004455933,698.0,0.02577163095547925,665.0,0.0282401482099027,617.0,0.027661912949155692,548.0,0.02741093025897982,505.0,0.02676155644560212,497.0,0.027594500797392497,503.0,0.026609213399147468,492.0,0.027268445075403432,525.0,0.028946389905674174,471.0,0.03219811650813011,409.0,0.03501735206485713,358.0,0.036169900040330286,330.0,0.036115278861582216,313.0,0.0404776396509251,258.0,0.05059746794152983,237.0,0.051808671218193526,275.0,0.0479240636929872,334.0,0.04733362367730263,330.0
40,156.0,יקנעם עילית,,,,,0.008853325594003056,232.0,0.008388149932895272,248.0,0.00930227632782842,255.0,0.010150176956807179,333.0,0.010421832107877912,394.0,0.01477885806902142,496.0,0.015290420414161232,519.0,0.01526779254604951,431.0,0.015083900801622663,437.0,0.014367402289180087,444.0,0.013276095507341195,376.0,0.012783805418915894,338.0,0.007769284018665473,276.0,0.007778067406459362,280.0,0.008140557209499574,285.0,0.008795439850052008,294.0,0.010428279686609542,318.0,0.015738400566908454,309.0,0.01782816207248961,333.0,0.019805998413998792,386.0,0.0247059892173824,467.0,0.02599426759493519,547.0,0.026660182609822128,571.0,0.028160088361117736,550.0,0.02573629474454897,621.0,0.027972948449232263,615.0,0.029211764366925217,583.0,0.029477225631317838,522.0,0.03310620152655828,502.0,0.036529737006015715,486.0,0.03897053015157981,467.0,0.04452526774733695,407.0,0.04598811038352935,365.0,0.04836823090414622,305.0,0.047612658461261136,241.0,,,,,,,,,,,,,,,,
41,489.0,גבעת שמואל,,,,,0.015356480152825131,334.0,0.01447818206801694,348.0,0.013913577657139551,346.0,0.014246597903083254,517.0,0.01769539074669984,634.0,0.018171577845052283,791.0,0.017422736700315113,838.0,0.015838942985144044,693.0,0.016830364998708845,700.0,0.01707490905455236,712.0,0.016790629832829966,589.0,0.014949086434321681,500.0,0.01630990233596252,364.0,0.018917882721766897,357.0,0.01919594635074401,391.0,0.019062961636017943,402.0,0.018409334536559,463.0,0.02014564735534732,454.0,0.022112286985241168,476.0,0.025757541016608543,545.0,0.026866087074971096,659.0,0.028060009069786847,696.0,0.028403467157906825,714.0,0.02963305899526065,668.0,0.030762427798474323,761.0,0.03026182540260578,764.0,0.02803495053168861,714.0,0.027185094578309837,641.0,0.0253417635530512,610.0,0.02742818369909257,591.0,0.02916103807052258,587.0,0.028945323926276287,501.0,0.03127874262652594,471.0,0.032403770190783006,410.0,0.03627289678230843,314.0,0.041056250541054135,296.0,0.04334977694384972,284.0,0.0442840803792249,269.0,0.0480514819564866,253.0,0.0488910299202053,286.0,0.047984845183859405,339.0,0.04534278182389684,383.0,0.04868250104935657,341.0
42,1005.0,נשר,,,,,0.009091079112867877,270.0,0.008999328943427153,273.0,0.009357416368787744,266.0,0.012116010835041548,349.0,0.01340501846782407,399.0,0.012317363804859986,479.0,0.012677973839507972,499.0,0.015298104832413548,483.0,0.015559546759083838,489.0,0.014647651744238318,502.0,0.014480497612536452,409.0,0.012499382474073471,348.0,0.011924106694995492,257.0,0.013385933028048351,257.0,0.014806581552208578,285.0,0.014441308857016,295.0,0.017327658175751656,326.0,0.01941868420440396,310.0,0.023964219469832262,352.0,0.025954796847630197,414.0,0.028968704324698183,503.0,0.032251025841702974,564.0,0.03331184487380469,602.0,0.0326790014689742,584.0,0.03210955592408585,676.0,0.030163981209060393,643.0,0.029709362653158617,601.0,0.02908598244528233,529.0,0.02658670292783563,492.0,0.027365819457126957,468.0,0.027638717085452482,465.0,0.02468099498702056,391.0,0.0259451567778676,368.0,0.02817916741753296,323.0,0.026915174705468618,259.0,0.029475876187085706,206.0,,,,,,,,,,,,,,
43,1007.0,גדרה,,,,,0.00956768413747573,248.0,0.00926613512166207,260.0,0.009218609610159087,260.0,0.010498682751163104,340.0,0.010634301480571252,385.0,0.011043370659843331,453.0,0.011009043389746207,468.0,0.00995458000058315,420.0,0.009730338263812895,431.0,0.010070807156610248,434.0,0.011109047539945441,368.0,0.010548681818977284,350.0,0.009753066853807831,276.0,0.01030182907710352,280.0,0.011761899020176842,292.0,0.012918366839123105,312.0,0.01627415119008919,349.0,0.016241262517653354,352.0,0.021562093799697032,373.0,0.021627204144785115,444.0,0.021443808886014104,527.0,0.023170707915883944,582.0,0.02305389675831609,615.0,0.02245215987010491,589.0,0.02311658894235296,651.0,0.021853809095267927,630.0,0.02375035125424056,582.0,0.026339352706900045,510.0,0.02610469262268304,490.0,0.0294247140144201,474.0,0.029182620385712812,475.0,0.031495356320079666,443.0,0.03393193484284395,433.0,0.0342746418356724,384.0,0.0353230096218136,326.0,0.0380588156661608,267.0,0.03743762108829938,234.0,0.045094988536152326,210.0,,,,,0.0543442726738042,205.0,0.05537173119808412,254.0,0.05440858685085849,258.0
44,1009.0,אילת,,,,,0.03464971444478738,277.0,0.03643778302905075,287.0,0.03643617072931675,293.0,0.03231607241604776,431.0,0.03204656125713533,526.0,0.029939476180619668,662.0,0.030773316359254264,701.0,0.027358233963617033,618.0,0.026155219881556262,626.0,0.025272938505560272,635.0,0.02355928692341928,513.0,0.021981481123748904,435.0,0.02664583447288956,327.0,0.030426536450786395,336.0,0.0304816324205018,373.0,0.02911525847269038,377.0,0.02938660003680025,431.0,0.030130287429837057,399.0,0.03216404869793986,454.0,0.03459584970364215,567.0,0.03653838368114997,723.0,0.03396115763927838,816.0,0.03435561083099152,928.0,0.035275309807719354,905.0,0.03547221118150155,1081.0,0.0353007916526261,1079.0,0.03561755185522208,1047.0,0.034361861553000035,899.0,0.03523752195843235,810.0,0.0372165954294708,718.0,0.03693697322351923,696.0,0.040849612222905056,613.0,0.04271415632006032,555.0,0.04028744872424332,439.0,0.04116985375545476,358.0,0.041704675509577016,327.0,0.046705861075455185,313.0,0.05226758709510474,279.0,,,,,,,0.06477392627655561,202.0,,
45,1010.0,בית שמש,,,,,0.01164727392172732,260.0,0.0116075438383181,260.0,0.012823812354388123,259.0,0.015066978456030332,361.0,0.015472934207988696,451.0,0.015765627058810162,539.0,0.017443486536778224,560.0,0.01933655574540856,456.0,0.01944443382443858,466.0,0.0185879256875402,476.0,0.014654324203475372,394.0,0.01822438275751137,330.0,0.016097885109656082,258.0,0.01753199302580656,277.0,0.016405743269176782,321.0,0.015438160004331791,337.0,0.018088935771340117,379.0,0.01985080647028481,349.0,0.02125567289509414,392.0,0.024875984108691268,451.0,0.031121687705222507,525.0,0.033648791385957506,645.0,0.034505434688509716,668.0,0.03582331942577078,644.0,0.0371341481233768,744.0,0.037577290056557085,747.0,0.039557193651169616,715.0,0.03830344322566236,668.0,0.043523199627546826,553.0,0.04469317242963743,544.0,0.04432712630811364,547.0,0.05182484822749281,614.0,0.05622371953643026,609.0,0.05727573047313748,553.0,0.060540289186572976,486.0,0.06386706230657313,470.0,0.06673072947244926,459.0,0.07280657511294318,430.0,0.07020368489425136,288.0,0.07247353235849596,269.0,0.06952001568591397,311.0,0.06439482799048392,319.0,0.06270234453966046,278.0
46,1183.0,בני ברק,,,,,0.015591132868156396,386.0,0.015257315406603066,394.0,0.01512983665811568,399.0,0.01902310950702839,694.0,0.018387828240059925,950.0,0.01794557491074801,1270.0,0.018978612160247973,1434.0,0.017691073554355955,1267.0,0.01814708045371181,1268.0,0.018233013561195503,1283.0,0.017806392701927513,1023.0,0.02002446674211086,758.0,0.024045962520331556,479.0,0.021784869813093747,430.0,0.022048432524950642,548.0,0.021267161370572496,553.0,0.0219532859939019,658.0,0.02241981085426962,534.0,0.021303239921681226,616.0,0.02126538194265064,763.0,0.02461440781527936,874.0,0.028731903839968164,1399.0,0.029954845095966173,1419.0,0.03097734962538685,1321.0,0.03170917916390149,1494.0,0.03307555255941582,1474.0,0.03554695018384081,1345.0,0.03789191107512122,1217.0,0.04384978008890778,628.0,0.04524819626531404,615.0,0.0439973108312974,612.0,0.048906196777697385,492.0,0.05023903625315235,483.0,0.05066329064114283,421.0,0.05148822391807352,313.0,0.05040698995908734,314.0,0.04908638728634748,302.0,0.052972333649457005,278.0,0.05270408794975393,234.0,0.06090459164425995,229.0,0.05886373976923767,272.0,0.05841059432282648,320.0,0.0605775050373002,264.0
47,1190.0,קריית אתא,,,,,0.028913806165978214,315.0,0.028203599812044657,323.0,0.028206260422647664,340.0,0.022525118883673898,554.0,0.0223979521915166,670.0,0.021320324364287102,868.0,0.02289184355166726,908.0,0.02215169547048684,741.0,0.02256486130110704,755.0,0.02217292138415404,760.0,0.019837244486957683,622.0,0.018974577532968627,542.0,0.017156161109351416,393.0,0.014754812281178331,377.0,0.017912753855672175,428.0,0.0162099897526404,445.0,0.017044574279970016,500.0,0.018315601487260587,465.0,0.018921970297800808,521.0,0.023875740527147683,601.0,0.029196097617979457,745.0,0.026693413981781957,840.0,0.02779461304547947,923.0,0.02698016697496865,887.0,0.02697548475992813,1057.0,0.03054267770837158,1038.0,0.029715165594064213,969.0,0.027259063128070624,827.0,0.030119065474351014,741.0,0.03222544010189764,676.0,0.035363523094708686,652.0,0.03925430874245624,549.0,0.03672982539620201,506.0,0.037334697595163384,447.0,0.03852219782676815,388.0,0.0420392146459316,334.0,0.0465065131794665,302.0,0.05124480423062296,279.0,0.0598180374168194,204.0,0.06859672678629661,226.0,0.06831857030906073,249.0,0.06977581675076612,268.0,0.07581919307053125,230.0
48,1219.0,בנימינה-גבעת עדה*,,,,,0.012251424754741938,263.0,0.011381397874731296,267.0,0.01386067977981429,282.0,0.016335598105560185,353.0,0.013429175281909471,413.0,0.015100903503208375,481.0,0.01435619703432467,515.0,0.016520754824402392,452.0,0.017025381880103413,460.0,0.018269343786920626,468.0,0.01973243101507961,411.0,0.022679771683632863,371.0,0.022925990189797598,350.0,0.02233915506861791,344.0,0.020364633778729883,374.0,0.01828735197694342,391.0,0.017223308300113895,422.0,0.01822900768637016,424.0,0.021558694179874945,432.0,0.02152800918852515,460.0,0.022362414999273453,492.0,0.022333596323108402,485.0,0.02474767519284118,494.0,0.02419488433033186,457.0,0.023097805301331462,466.0,0.02134732235539066,464.0,0.023618036501996124,431.0,0.024253812527263108,395.0,0.0260555272768272,401.0,0.027698226928792674,398.0,0.02813221240885087,406.0,0.028817265601424294,411.0,0.03089429581005462,394.0,0.03089134033208545,343.0,0.031728492395358986,292.0,0.03297778312588557,264.0,0.033542653380684184,243.0,0.035684066782598015,219.0,,,0.03921417478310561,210.0,0.038717458568402745,235.0,0.04098614845697991,276.0,0.04120641017924034,260.0
49,115.0,אבן יהודה,,,,,,,0.007539565837005039,201.0,,,0.009829676080531726,312.0,0.00978886929738579,354.0,0.00955268954574389,432.0,0.010074532619796116,454.0,0.01090504862867118,385.0,0.010685852074298004,393.0,0.0107882088074742,415.0,0.010325712622678677,362.0,0.009997034715771942,356.0,0.009543072455002645,303.0,0.011012230120849415,286.0,0.012180727199616893,298.0,0.01221157149073848,317.0,0.012319024674424998,330.0,0.016049945620256457,319.0,0.016609921121653385,322.0,0.019981821341956314,360.0,0.018900536249017757,435.0,0.020496208043510336,477.0,0.022753453274338916,491.0,0.025027055739112212,482.0,0.02394035972764968,521.0,0.02620689428309319,525.0,0.02519525856914325,489.0,0.02484437616536812,439.0,0.022311983975420727,404.0,0.02107738525973085,385.0,0.020886374005708183,373.0,0.02079669511090893,347.0,0.01982579091971841,317.0,0.021143574684745647,278.0,0.02436362857784432,224.0,0.02932280348045096,208.0,0.030254705916035986,210.0,0.03286345427790319,206.0,,,0.03534903956845509,250.0,0.035486022189405615,290.0,0.038190301996156174,322.0,0.03836735470572673,291.0
50,1192.0,לוד,,,,,,,,,0.016144610586196456,203.0,0.01790820153557635,291.0,0.019161601675587645,344.0,0.01884056120121573,462.0,0.021777520278525583,499.0,0.01873840680628273,423.0,0.019463652729321396,429.0,0.019461120593631028,431.0,0.02021281458345413,343.0,0.017671204552098408,287.0,0.0177759268439164,206.0,0.016994152603160274,205.0,0.020764229601216246,243.0,0.023415835441337237,244.0,0.02509746146823908,272.0,0.026081872274463805,256.0,0.029863782759884206,310.0,0.033177716936700435,376.0,0.036227869493504566,479.0,0.03428105596729483,547.0,0.03435805441059707,598.0,0.03500468549141034,594.0,0.032965269480266825,726.0,0.032985941478496386,720.0,0.03246352757562468,664.0,0.03191233783872043,548.0,0.0348505555980964,474.0,0.0374592647499659,459.0,0.04250197434427686,451.0,0.0493847326462974,356.0,0.04960103758332275,340.0,0.049732389266591855,302.0,0.049588315622403935,263.0,0.044883863499187535,254.0,0.04644772766791533,226.0,0.041071442089377866,202.0,,,,,,,,,,
51,15.0,מזכרת בתיה,,,,,,,,,,,0.013061820905896459,215.0,0.014157641137693343,270.0,0.015161578646918606,315.0,0.015987988752730987,322.0,0.01147106066324143,270.0,0.01150523906427843,272.0,0.011537305832030257,276.0,0.012493999161697768,240.0,0.011268790861021857,234.0,,,,,0.006815988767564704,209.0,0.007532454589454141,234.0,0.010854883883478543,282.0,0.00978845724507922,307.0,0.01289408746657916,323.0,0.01582744284759937,359.0,0.017867322884135832,397.0,0.01937065191708594,437.0,0.020548685562992882,438.0,0.0222806325942971,392.0,0.025255892708897196,403.0,0.024415674473999296,389.0,0.0228716728712145,372.0,0.021223723695396192,352.0,0.023892920470811964,320.0,0.02338155914527041,325.0,0.02428097583691032,323.0,0.023879192141517555,316.0,0.02509941403037789,310.0,0.02681485167258645,267.0,0.03099098913072873,221.0,0.02998908680375455,205.0,0.03686546583143832,202.0,,,0.03583152763289623,200.0,0.03807485217397577,214.0,0.042436295385413415,243.0,0.04210841801762347,280.0,0.045563494974111454,269.0
52,106.0,כפר יונה,,,,,,,,,,,0.017284417407446732,280.0,0.0189059190745278,331.0,0.01682614207069717,427.0,0.01633919813182955,468.0,0.016314112458645766,379.0,0.015493244115412244,384.0,0.015198336151617909,396.0,0.013148748474948051,323.0,0.010879512007554354,285.0,0.009428544386917558,216.0,0.010423519234818214,210.0,0.010988796416229496,220.0,0.012468943158848146,245.0,0.015667352345873062,289.0,0.014874465969954169,308.0,0.0214515192391354,325.0,0.024438700001498875,389.0,0.02702647670257769,476.0,0.02804415518367826,533.0,0.028896292366267607,558.0,0.02957297323471464,520.0,0.0328286991363134,562.0,0.030036529805064657,567.0,0.030112040130574207,514.0,0.0272654144227142,453.0,0.030598963817334863,444.0,0.0320985750872507,430.0,0.032158507939532725,433.0,0.03242859986156165,400.0,0.03426297072504915,380.0,0.03450616205134429,333.0,0.03851301529490932,281.0,0.03963669667774924,233.0,0.04622280641139017,211.0,,,,,,,,,0.0651313175399784,201.0,,
53,715.0,נצרת עילית,,,,,,,,,,,0.02871991917734535,244.0,0.02856213325422782,268.0,0.0223496649611252,353.0,0.02077487920202814,370.0,0.021793404609197996,356.0,0.02111966184263851,365.0,0.021113859823243257,367.0,0.019320489840090053,297.0,0.022101767147036943,269.0,,,,,,,,,0.035866496007315785,216.0,0.03724675126812524,200.0,0.03594880091842802,218.0,0.0379149930234116,263.0,0.03778520832040212,324.0,0.032960801115099164,367.0,0.032974017349155116,388.0,0.03162863219617055,379.0,0.032662061406824865,493.0,0.03403323753532517,482.0,0.03497747608341603,445.0,0.03626796876556035,388.0,0.037384178912027416,337.0,0.03890925458368541,318.0,0.03888791422195005,310.0,0.034717400456083146,207.0,,,,,,,,,,,,,,,,,,,,,,
54,878.0,להבים,,,,,,,,,,,0.010615985516425787,208.0,0.011366217830461602,216.0,0.011636153599239855,235.0,0.013470008771460014,240.0,0.01531466981996114,214.0,0.016178530351160524,225.0,0.01615906279438413,238.0,0.016892355963053073,209.0,0.017268941402932773,209.0,,,,,,,,,,,,,,,0.025449789389091416,213.0,0.024739184762671236,243.0,0.0335976975247596,255.0,0.03784849535590392,255.0,0.03932051105207271,241.0,0.04296106176667701,246.0,0.04446486714314349,252.0,0.04518574106271105,244.0,0.04806690197673105,221.0,0.0369370217746884,213.0,0.03605640308635216,216.0,0.034999322495769335,205.0,0.044915744058204685,205.0,,,,,,,,,,,,,,,,,,,,,,
55,1004.0,אור יהודה,,,,,,,,,,,0.020309283464284032,269.0,0.02106755554893692,315.0,0.01987014358469848,419.0,0.02086940582774984,452.0,0.01920090970524969,386.0,0.020107223047895195,395.0,0.020449599753479798,404.0,0.021886368643478368,346.0,0.02044631005823067,305.0,0.022776962692182445,230.0,0.027773945506595173,224.0,0.029501492048421656,252.0,0.025547478387027717,266.0,0.026601195584269502,291.0,0.025562838020648043,272.0,0.02811076189008067,295.0,0.03426758153770306,317.0,0.033563770739677805,379.0,0.031964062376670835,426.0,0.03587757991230756,425.0,0.037191723011328975,402.0,0.03791525442018739,483.0,0.03940093669272002,462.0,0.03937144462617315,433.0,0.04194616403694579,359.0,0.04721466011745133,310.0,0.04745490989018119,313.0,0.04656068623509891,304.0,0.05234622345766355,232.0,0.05125842165495897,226.0,0.048251066273149616,202.0,,,,,,,,,,,,,,,,,,
56,1006.0,באר יעקב,,,,,,,,,,,0.014108980637979168,235.0,0.015660503242050487,300.0,0.015268108456562962,394.0,0.015277127191910544,424.0,0.01604747072019503,388.0,0.01560740874106895,398.0,0.015446979313366926,411.0,0.02043535436733952,409.0,0.02104245026013365,339.0,0.022210477311411986,245.0,0.02367466962931705,238.0,0.023008570440430483,279.0,0.022921844078778883,295.0,0.023724435216356084,331.0,0.02559110335596769,291.0,0.025504276499146848,316.0,0.030065111073704586,375.0,0.033528571534039264,473.0,0.0351028100690867,521.0,0.03667269022996497,557.0,0.036838944151015685,526.0,0.037009165356754886,627.0,0.03754896159564418,620.0,0.03868313829278015,574.0,0.039326773916937764,496.0,0.03841273026908554,455.0,0.03972063477626443,458.0,0.04084907756421969,450.0,0.04006582415707542,371.0,0.04129230012745181,360.0,0.03936637011382885,318.0,0.03683676931482555,256.0,0.0409434352708014,223.0,,,,,,,0.06794359810622115,215.0,0.06503859979162986,246.0,0.060954931366534,281.0,0.06169704654219803,260.0
57,1008.0,ערד,,,,,,,,,,,0.01694918482147241,282.0,0.01658991650078001,329.0,0.016428932234046772,407.0,0.015886524583212606,435.0,0.01882102575981393,371.0,0.01895644458628495,372.0,0.02146054073129084,380.0,0.02059430510177949,311.0,0.02087228698251333,278.0,0.021510846868048685,234.0,0.021847273481874797,231.0,0.02795126192998388,254.0,0.029405879382974138,273.0,0.028362450213397405,298.0,0.03013538572764032,286.0,0.03058349235168732,302.0,0.03282030813656628,333.0,0.03535808455192194,389.0,0.04030956107971979,419.0,0.040650057464950304,439.0,0.043296141524705116,418.0,0.04529509165233488,497.0,0.045756418008091534,499.0,0.049164769402791034,475.0,0.04994915599403784,408.0,0.041909914283407616,361.0,0.04552999096833305,338.0,0.04322822744224285,319.0,0.04241012548511466,242.0,0.043705904585103886,209.0,,,,,,,,,,,,,,,,,,,,
58,1012.0,קריית גת,,,,,,,,,,,0.01617711495955819,264.0,0.01693831494333626,291.0,0.017891669098492442,389.0,0.017847815133852453,399.0,0.019639080916696017,328.0,0.019443175758469627,332.0,0.018543223615081872,337.0,0.018644098257537645,264.0,0.018721409993840667,246.0,,,,,,,,,0.02113371713565686,230.0,0.022615440610260645,217.0,0.023032013943984703,236.0,0.024469135203683302,288.0,0.028102849962739197,362.0,0.028128705375353325,406.0,0.032327509115420185,454.0,0.031261787162460024,421.0,0.032750287131204515,531.0,0.035467386999100896,522.0,0.036511609340906866,478.0,0.038544809518371,418.0,0.04196611755101522,381.0,0.04090394179745432,351.0,0.042470712200136485,349.0,0.041621897623342334,271.0,0.04300294693225893,280.0,0.04505712135513111,254.0,0.04419961000375434,211.0,,,,,,,,,,,,,,,,
59,1061.0,מעלה אדומים,,,,,,,,,,,0.021263442584207343,301.0,0.01724959474859921,357.0,0.01879148776535266,447.0,0.01773930653406256,461.0,0.01847108517131186,381.0,0.018601324114055448,391.0,0.01760907994310198,389.0,0.018902350525961256,305.0,0.022039235938929147,273.0,0.02162744165251153,204.0,,,0.030684604933934205,235.0,0.031802954026404484,247.0,0.03218135315003882,288.0,0.029680819216949823,289.0,0.030027041936944207,338.0,0.031990680941857225,408.0,0.030564714535428437,494.0,0.030570355190271688,536.0,0.033066872417168776,579.0,0.034467224529580176,553.0,0.03508534776358928,620.0,0.034929216284124015,580.0,0.03577948360371644,530.0,0.037217942158421884,442.0,0.038121013687351095,412.0,0.03544935554569598,396.0,0.03861255613241018,405.0,0.0434482732687722,389.0,0.04785610916759215,379.0,0.048225669061310435,333.0,0.04863642025454954,314.0,0.04710999564712204,284.0,0.051395654171204216,254.0,0.05069406929927293,228.0,,,,,0.045775282576545125,201.0,,,,
60,1199.0,עפולה,,,,,,,,,,,0.01628430351775706,230.0,0.0204447163089142,267.0,0.01799265228443089,325.0,0.018584064848704472,329.0,0.016580118804207438,315.0,0.014659111262427688,328.0,0.02001663354407544,336.0,0.02810854241132463,273.0,0.025773556770744083,263.0,0.033497451950251424,221.0,0.03511774835087803,222.0,0.033634138827421736,238.0,0.03313024722257613,251.0,0.030279310703818174,256.0,0.028481969719831537,266.0,0.03911340786405887,322.0,0.0393409801195739,400.0,0.0386356337395095,494.0,0.03905573448059715,559.0,0.0380880356680413,647.0,0.038197836057612594,658.0,0.03793591067677983,733.0,0.037437826999259766,712.0,0.035499629989524745,668.0,0.0377529710311282,631.0,0.04027531586752135,616.0,0.04540175900483729,547.0,0.046763133010132914,525.0,0.0464558725185312,496.0,0.04585940096433416,442.0,0.04810296563370139,380.0,0.04752022948637186,295.0,0.04300933353620186,244.0,0.04289241952244705,239.0,0.040466583364368834,232.0,,,,,0.05914727267036553,212.0,0.06254934089834684,225.0,,
61,1206.0,רמלה,,,,,,,,,,,0.01825802358231787,232.0,0.019000693098654882,276.0,0.020943283021898983,382.0,0.019592595653977533,415.0,0.01862035009785857,414.0,0.018504210054229843,419.0,0.019586605813638174,425.0,0.022340119268521873,332.0,0.023680249963257374,278.0,,,,,0.025903377055303527,258.0,0.027973842441799485,262.0,0.027809682603578974,289.0,0.024847162037464843,274.0,0.02728533390795273,327.0,0.029949180255416662,394.0,0.033178461916831485,518.0,0.036196791950856615,535.0,0.035236963743770444,567.0,0.035107185066618925,546.0,0.03792941347033055,691.0,0.03774123846082243,654.0,0.03783997792927049,600.0,0.03824392341858537,458.0,0.0342160094485953,393.0,0.03503638051996448,391.0,0.035629345593462904,385.0,0.03268821757179026,266.0,0.03373982116766173,256.0,0.03419662332408417,228.0,,,,,,,,,,,,,,,,,,
62,1217.0,קריית ים,,,,,,,,,,,0.008908561030227958,226.0,0.011174049523698876,267.0,0.012753770333889372,338.0,0.013643885840243977,355.0,0.01801725268456872,338.0,0.01768200584694819,343.0,0.01775381423114111,347.0,0.01831884457569588,294.0,0.015792002390586715,247.0,,,,,,,0.015717833444363217,218.0,0.016715092913145282,249.0,0.017181934121143074,233.0,0.02011603576046609,286.0,0.023525474573975316,350.0,0.02372010165727296,436.0,0.02318888072217007,511.0,0.02358737452582831,560.0,0.02558336513260687,544.0,0.029848365258675836,665.0,0.031247832163335324,638.0,0.03307883484445151,588.0,0.037742546035377904,508.0,0.04222053636991538,422.0,0.0430461414298395,396.0,0.04364348140163121,388.0,0.044884332210715285,289.0,0.04518488332657143,261.0,0.04349705654013899,227.0,,,,,,,,,,,,,,,,,,
63,408.0,אזור,,,,,,,,,,,,,0.01233033211384846,229.0,0.01300817142741181,292.0,0.013559010514803727,307.0,0.0108584950523093,248.0,0.010577302651775807,256.0,0.01057414314508297,255.0,0.01254709940797308,212.0,,,,,,,,,,,0.02212661182850881,208.0,,,0.027008414742478164,210.0,0.0294095676972545,221.0,0.03401543630173605,277.0,0.033804109866131915,307.0,0.035037483439786084,334.0,0.03332709535032373,303.0,0.03305010864326803,347.0,0.03220634257037964,326.0,0.032429068721404435,320.0,0.03137570034299945,253.0,0.02940864196976047,220.0,0.028336354450750983,205.0,0.03130175598535285,206.0,,,,,,,,,,,,,,,,,,,,,,,,
64,872.0,כפר ורדים,,,,,,,,,,,,,0.011718438067406956,207.0,0.01257363060815652,234.0,0.012293323743695784,246.0,0.0120109824241908,221.0,0.012384530131319635,224.0,0.012353452119988194,231.0,0.012686067697054843,210.0,,,,,,,,,,,0.008974904119902927,210.0,0.007873024524457114,222.0,0.008920264708150997,225.0,0.010066057273430596,239.0,0.012291164153569572,255.0,0.015395466981173115,275.0,0.016295787238917482,264.0,0.021781229270148646,244.0,0.029780626237407775,248.0,0.03261240838179782,247.0,0.04011049978937775,240.0,0.04374104476325394,220.0,0.04090102549432709,209.0,0.04422124860947571,215.0,0.039912512621504456,229.0,0.03745639927368018,228.0,0.0353698905916996,237.0,0.031391439842436544,211.0,,,,,,,,,,,,,,,,,,
65,877.0,מיתר,,,,,,,,,,,,,0.01778716599846138,204.0,0.0179873132003113,248.0,0.018630674603944613,253.0,0.02045294950266137,218.0,0.021786849712992808,223.0,0.020717224330902544,233.0,,,,,,,,,,,,,,,,,,,0.032151736876268364,212.0,0.03265034693816995,250.0,0.034389126775815765,264.0,0.03077745193119706,284.0,0.033150718059035585,269.0,0.0315148746314288,285.0,0.02983500488263399,286.0,0.031740251732667014,274.0,0.03238130664517655,246.0,0.03152538753020502,223.0,0.03770051569794432,219.0,0.0376876068993359,209.0,,,,,,,,,,,,,,,,,,,,,,,,
66,1078.0,אפרתה,,,,,,,,,,,,,0.01044121651468666,202.0,0.0111508410658501,237.0,0.011099383831295905,242.0,0.011341415816561356,203.0,0.011678612673135693,206.0,0.013559886423981593,207.0,,,,,,,,,,,,,,,,,,,,,,,,,,,,,0.031301083256691294,216.0,0.03164067849574249,223.0,0.026749064297563938,227.0,0.034046967572707434,206.0,0.030088095221744913,205.0,,,,,,,,,,,,,,,,,,,,,,,,,,,,
67,1116.0,אורנית,,,,,,,,,,,,,0.01595152171147626,216.0,0.015229874195698203,261.0,0.017455653145222103,280.0,,,,,,,,,,,,,,,,,,,,,,,,,,,,,0.027760111521465045,213.0,0.029034397948037086,220.0,0.028382823351501687,220.0,0.028722925735594776,258.0,0.029190239265230324,244.0,0.0306671227830393,228.0,,,,,,,,,,,,,,,,,,,,,,,,,,,,,,,,
68,75.0,רמת ישי,,,,,,,,,,,,,,,0.013147561578817857,226.0,0.012513633301405515,245.0,0.010078540886314458,217.0,0.009249536036037684,224.0,0.0090655423867061,236.0,,,,,,,,,,,0.010435229229563416,200.0,0.011351413986195488,204.0,0.011744516685255365,212.0,0.015159724506317297,208.0,0.023755377869665303,232.0,0.0260120114274826,264.0,0.02728114211041853,282.0,0.02750306315296037,301.0,0.0277835629636102,297.0,0.029569662170186382,320.0,0.02990819432350889,323.0,0.02400751578391992,315.0,0.02327575900239295,298.0,0.02198812756316476,280.0,0.02233783824825545,256.0,0.022034741070921224,256.0,0.019047253712595368,238.0,0.021484373628740724,224.0,,,,,,,,,,,,,,,,,,,,
69,159.0,נתיבות,,,,,,,,,,,,,,,0.020086782606853072,214.0,0.01916738305147828,227.0,,,,,,,,,,,,,,,,,,,,,,,,,,,,,,,,,,,0.03658498215078768,255.0,0.03898274191422321,254.0,0.037831161783760614,235.0,0.037019121727160036,204.0,,,,,,,,,,,,,,,,,,,,,,,,,,,,,,
70,426.0,סביון*,,,,,,,,,,,,,,,0.014576318121789415,244.0,0.014286671637003659,269.0,,,0.013833505587158323,201.0,,,,,,,,,,,,,,,,,,,,,,,,,,,,,,,,,,,,,,,,,,,,,,,,,,,,,,,,,,,,,,,,,,,,
71,476.0,עומר,,,,,,,,,,,,,,,0.01181378196276314,227.0,0.011265814924719971,234.0,,,0.009770158150554344,200.0,0.009839640798081332,203.0,,,,,,,,,,,0.009142067411907295,207.0,0.009504711058965273,221.0,0.011193296474766459,212.0,0.012447958940009808,210.0,0.016616091321101516,238.0,0.017190823183269668,274.0,0.019826101349903542,277.0,0.0214123224808268,286.0,0.023146487238646585,264.0,0.023476606040737442,268.0,0.0222456063602614,261.0,0.02035006051104171,230.0,,,,,,,,,,,,,,,,,,,,,,,,,,,,,,,,
72,746.0,צור הדסה,,,,,,,,,,,,,,,0.01960027835267856,211.0,0.018389662154461483,215.0,,,0.013673955172867992,200.0,0.014341485642622038,204.0,,,,,,,,,,,,,,,,,,,,,0.014071155599539151,216.0,0.014052542976956605,219.0,0.016368645807911513,229.0,0.017121329894444936,221.0,0.017715102594246582,243.0,0.018995574033936702,246.0,0.017192713359530886,235.0,0.01791211215149686,232.0,0.01941697468353911,226.0,0.019418118263094333,212.0,0.01991775892463135,213.0,,,,,,,,,,,,,,,,,,,,,,,,
73,903.0,אלעד,,,,,,,,,,,,,,,0.022743151085348638,201.0,0.022541408997254875,225.0,0.0217141764062746,212.0,0.021727988717814,212.0,0.02179153407071311,217.0,,,,,,,,,,,,,,,,,,,,,,,0.03058411004209452,208.0,0.03183789286083037,210.0,,,0.038793536442585166,246.0,0.038535282465517975,256.0,0.038501908203037984,248.0,0.0395822672184849,220.0,,,,,,,,,,,,,,,,,,,,,,,,,,,,,,
74,935.0,צור יצחק,,,,,,,,,,,,,,,0.017875922952747564,201.0,0.015565702419232037,207.0,,,,,,,,,,,,,,,,,,,,,,,,,0.0190554004961578,204.0,0.01951938289871703,220.0,0.020206825811913756,228.0,0.01892767433713084,234.0,0.020577672820240263,205.0,0.021764114877034363,225.0,0.022387168891388625,214.0,,,,,,,,,,,,,,,,,,,,,,,,,,,,,,,,,,
75,1035.0,אריאל,,,,,,,,,,,,,,,0.02445194022134756,245.0,0.024310587069732856,254.0,0.026743543442117775,215.0,0.026647131516991555,215.0,0.02646430707817422,220.0,,,,,,,,,,,,,,,,,,,,,,,0.03665627782049331,204.0,0.03788799763544607,219.0,0.038089725706732865,213.0,0.04113840606321203,293.0,0.04380004561296084,297.0,0.043405775683690605,287.0,0.047026753920108716,241.0,0.041089435015320135,225.0,0.04081676933855274,229.0,0.040450643850836215,228.0,,,,,,,,,,,,,,,,,,,,,,,,
76,1110.0,אלפי מנשה,,,,,,,,,,,,,,,0.01899744362369326,233.0,0.01745908567440126,252.0,,,0.019021436791063183,203.0,0.0191917404464133,208.0,,,,,,,,,,,,,,,,,,,,,,,0.017987514968758042,217.0,0.020223609252753308,232.0,0.021698885773404054,222.0,0.02112426935422403,251.0,0.02170503069722791,251.0,0.02358475243871247,237.0,0.02496898202087936,205.0,,,,,,,,,,,,,,,,,,,,,,,,,,,,,,
77,857.0,קציר-חריש,,,,,,,,,,,,,,,,,0.016803537514041192,201.0,,,,,,,,,,,,,,,,,,,,,,,,,,,0.01969958547557651,221.0,0.02054324161773653,235.0,0.02173096887721772,249.0,0.0215417031930825,249.0,0.02996779432246821,277.0,0.03026333136981718,273.0,0.03410367269194508,265.0,0.039526274112713984,215.0,0.04180813794151581,211.0,0.046204155795510266,205.0,0.04670656635386335,209.0,,,,,,,,,,,,,,,,,,,,,,,,
78,1002.0,דימונה,,,,,,,,,,,,,,,,,0.028335532033520683,201.0,,,0.02561417468222435,203.0,0.02571283648484416,204.0,,,,,,,,,,,,,,,,,,,,,0.034251162828799316,209.0,0.03349363054284213,244.0,0.03461997769890369,275.0,0.03258682306702644,271.0,0.03257892788244473,345.0,0.03524000050886704,325.0,0.034144312389627486,277.0,0.037900867178193284,220.0,,,,,,,,,,,,,,,,,,,,,,,,,,,,,,
79,1019.0,קריית שמונה,,,,,,,,,,,,,,,,,0.018350254230149524,207.0,,,0.020613566638879057,204.0,0.021089370985424485,216.0,0.0230266441070458,201.0,,,,,0.021568172122503983,208.0,0.01931960445075544,218.0,0.025395732669793798,230.0,0.02477108379509231,242.0,0.026299535774844226,250.0,0.02552202396915724,279.0,0.023772245759968558,341.0,0.02670556189517009,393.0,0.026543053936419668,428.0,0.026839795331899174,472.0,0.029523786863543882,465.0,0.031093812517273493,494.0,0.02994535205413878,486.0,0.03702570015001636,501.0,0.03630332789872511,495.0,0.042384119327853916,440.0,0.04189672230647315,389.0,0.04166192315924863,373.0,0.04344965373934459,331.0,0.051208795056160286,302.0,0.048508590638888016,200.0,,,,,,,,,,,,,,,,,,
80,1198.0,עכו,,,,,,,,,,,,,,,,,,,,,,,,,,,,,,,,,,,,,,,,,,,0.02430526704645634,218.0,0.025500866547670368,281.0,0.02716854143963208,321.0,0.02933348668170306,357.0,0.02775878252115188,350.0,0.03083709220223248,380.0,0.034212215187444786,373.0,0.036526925649137135,338.0,0.04153207401734812,313.0,0.04033390265792824,274.0,0.040865398288142285,257.0,0.041627322168904315,249.0,0.04720563878544424,230.0,0.04856428462016457,219.0,,,,,,,,,,,,,,,,,,,,
81,662.0,מגדל העמק,,,,,,,,,,,,,,,,,,,,,,,,,,,,,,,,,,,,,,,,,,,,,0.031973580551509215,244.0,0.029427435141411107,264.0,0.033357588004465866,297.0,0.03466963292494371,287.0,0.031942649999888856,338.0,0.034255222841654075,327.0,0.034354775704589786,296.0,0.032378407128149905,252.0,0.037086705633098495,219.0,,,,,,,,,,,,,,,,,,,,,,,,,,,,
82,1189.0,טבריה,,,,,,,,,,,,,,,,,,,,,,,,,,,,,,,,,,,,,,,,,,,,,0.03398360156487284,269.0,0.0355768063319931,325.0,0.04041878944173828,353.0,0.04140582483463285,349.0,0.04543062163855202,369.0,0.04205342568696411,366.0,0.046822023922169914,322.0,0.0509709389456626,267.0,0.05798849391339982,217.0,,,,,,,,,,,,,,,,,,,,,,,,,,,,
83,1142.0,מודיעין עילית,,,,,,,,,,,,,,,,,,,,,,,,,,,,,,,,,,,,,,,,,,,,,,,0.029540714310432082,287.0,0.02893645711346086,285.0,0.029349130119272163,277.0,0.030758327368474538,296.0,0.031239225041601138,294.0,0.03768147674294084,274.0,0.03688315768048903,256.0,,,,,,,,,,,,,,,,,,,,,,,,,,,,,,
84,1202.0,צפת,,,,,,,,,,,,,,,,,,,,,,,,,,,,,,,,,,,,,,,,,,,,,,,0.02563093947842473,207.0,0.02439675184832539,222.0,0.02785129940262756,223.0,0.02750627173775226,263.0,0.030110850738000967,241.0,0.03084048083223195,218.0,,,,,,,,,,,,,,,,,,,,,,,,,,,,,,,,
85,108.0,פרדסייה,,,,,,,,,,,,,,,,,,,,,,,,,,,,,,,,,,,,,,,,,,,,,,,,,0.03793541301184286,205.0,,,0.04142704881974514,205.0,,,,,,,,,,,,,,,,,,,,,,,,,,,,,,,,,,,,
86,1001.0,טירת כרמל,,,,,,,,,,,,,,,,,,,,,,,,,,,,,,,,,,,,,,,,,,,,,,,,,0.023168309511436717,209.0,0.023856161008265583,207.0,0.024886559989313,247.0,0.0259719627752473,240.0,0.02957052661101452,222.0,,,,,,,,,,,,,,,,,,,,,,,,,,,,,,,,
87,696.0,אור עקיבא,,,,,,,,,,,,,,,,,,,,,,,,,,,,,,,,,,,,,,,,,,,,,,,,,,,,,0.03384963070045348,202.0,0.03237462648807607,202.0,,,,,,,,,,,,,,,,,,,,,,,,,,,,,,,,,,
88,698.0,שדרות,,,,,,,,,,,,,,,,,,,,,,,,,,,,,,,,,,,,,,,,,,,,,,,,,,,,,0.051964170617459865,215.0,0.05068418432587552,206.0,0.05188341998182251,200.0,,,,,,,,,,,,,,,,,,,,,,,,,,,,,,,,
89,1195.0,נצרת,,,,,,,,,,,,,,,,,,,,,,,,,,,,,,,,,,,,,,,,,,,,,,,,,,,,,0.01991068218326015,236.0,0.019062209768154842,233.0,0.0208144764423516,213.0,,,,,,,,,,,,,,,,,,,,,,,,,,,,,,,,
